ply
format ascii 1.0
element vertex 4000
property float x
property float y
property float z
property uchar red
property uchar green
property uchar blue
end_header
1.480 2.858 1.416 90 254 5
0.928 -2.398 0.482 30 229 33
0.146 1.508 0.627 39 146 135
2.538 -2.627 3.059 194 199 16
2.474 0.500 2.990 190 206 239
0.479 0.716 1.565 99 186 223
0.582 0.814 0.201 12 197 215
0.689 0.086 1.454 92 208 254
2.337 2.391 3.373 215 219 34
2.123 1.510 3.016 192 236 135
-0.028 2.495 0.941 59 123 25
2.167 -2.300 3.703 236 233 42
0.152 -0.529 2.218 141 146 237
0.370 0.399 3.573 227 173 245
0.893 -0.580 0.181 11 226 234
-0.853 -0.084 0.383 24 31 254
-1.390 0.463 1.355 86 2 241
1.491 2.405 2.983 190 254 33
0.295 0.483 2.829 180 164 240
2.446 0.433 3.998 254 209 243
-1.457 0.935 1.266 80 0 203
-2.804 2.429 1.390 88 85 30
0.156 1.763 3.072 195 147 103
0.135 -2.907 2.170 138 144 3
0.532 -2.304 1.082 68 192 42
0.321 -0.335 0.868 55 167 247
-2.497 -2.873 3.818 243 50 4
-1.448 1.263 2.415 153 0 166
0.509 2.097 1.300 82 189 63
-0.468 1.395 2.704 172 70 149
-2.400 1.739 2.237 142 41 106
-0.549 1.586 2.012 128 60 125
0.508 -2.747 1.563 99 189 9
0.449 -1.983 2.566 163 182 76
0.944 -1.108 3.441 219 230 184
1.054 -0.630 3.654 232 238 230
-2.183 -0.622 3.525 224 23 231
0.005 -0.207 1.119 71 128 252
-2.728 -0.231 3.744 238 76 251
1.045 -1.551 3.669 233 237 130
1.778 1.847 2.057 131 252 92
1.858 0.094 1.928 122 249 254
-2.895 -2.598 1.115 71 96 18
1.671 -1.010 0.639 40 254 195
2.583 1.048 3.443 219 195 191
2.385 1.481 1.668 106 215 138
0.281 0.559 3.702 236 162 235
-1.710 0.965 0.337 21 1 200
-2.115 -0.241 1.454 92 18 251
0.293 -2.791 2.109 134 164 7
-2.977 -0.098 0.678 43 106 254
0.772 1.546 2.758 175 216 130
-1.447 -2.576 3.122 198 0 19
0.296 1.273 2.655 169 164 164
2.435 2.893 0.278 17 210 3
-0.008 -1.136 0.720 45 126 181
-1.410 -2.638 2.438 155 1 15
1.083 -0.444 3.942 251 240 242
0.531 2.309 2.617 166 192 41
-0.750 1.692 3.434 218 40 112
-2.008 -1.602 3.534 225 11 123
-2.399 -1.406 1.895 120 41 148
1.406 1.276 2.894 184 253 164
-2.762 -2.075 3.662 233 80 65
-2.497 -2.800 0.524 33 50 7
2.267 2.338 2.453 156 225 39
1.121 -0.299 3.835 244 242 249
1.017 0.066 0.053 3 235 254
-2.999 2.244 1.342 85 109 47
-1.018 -2.983 1.193 76 19 1
-1.167 0.242 0.640 40 10 251
-2.770 2.674 2.633 167 81 13
-0.836 0.588 2.446 155 32 233
0.844 -2.403 1.385 88 222 33
-0.029 0.313 3.876 247 123 248
0.792 1.068 3.437 219 218 188
0.790 2.024 1.618 103 218 71
-1.447 0.533 1.990 126 0 237
0.504 2.470 3.134 199 189 27
-0.631 -0.450 2.975 189 52 242
-0.328 1.681 3.459 220 86 113
1.060 -2.345 2.404 153 238 38
2.750 -2.211 1.840 117 176 51
1.012 2.792 2.645 168 235 7
0.940 1.888 1.157 73 230 87
2.704 -0.648 0.373 23 181 229
2.437 -2.599 1.612 102 210 18
1.416 -2.423 1.949 124 253 31
-0.916 -2.338 0.541 34 26 39
-0.869 2.471 1.513 96 30 27
-0.525 -0.040 1.464 93 63 254
-1.809 -0.666 2.531 161 3 227
0.084 -2.926 1.579 100 138 2
1.331 1.895 1.772 112 251 86
-0.181 -0.405 1.374 87 104 244
-1.389 2.507 1.382 88 2 24
-2.384 0.999 3.666 233 39 196
-2.286 -2.959 1.076 68 31 2
-1.537 1.870 2.067 131 0 89
-1.984 2.611 0.245 15 10 17
-1.253 -0.760 2.075 132 6 219
1.027 0.133 1.938 123 236 253
2.535 -2.250 0.757 48 200 47
0.749 -1.655 0.186 11 214 116
2.290 0.604 2.502 159 223 232
2.059 -1.423 2.112 134 240 146
-1.778 -2.726 2.518 160 2 10
-2.265 0.390 0.642 40 29 245
-1.567 -2.971 1.699 108 0 1
-0.323 -2.388 2.389 152 86 34
-2.379 -1.780 1.524 97 39 101
-2.698 -1.528 2.402 153 72 132
-1.217 -0.915 0.389 24 7 205
2.225 1.803 3.943 251 228 98
1.727 2.995 2.844 181 253 1
2.675 -1.579 0.429 27 184 126
-0.299 -0.275 3.450 219 89 250
-1.996 2.551 1.924 122 11 21
0.991 2.598 3.418 217 234 18
0.401 2.884 3.777 240 177 4
-0.083 -2.198 3.916 249 116 52
1.405 -0.983 0.146 9 253 198
-0.682 2.852 0.167 10 47 5
-1.216 -1.950 0.720 45 7 80
-1.635 -1.749 0.920 58 0 104
0.715 -2.335 1.886 120 211 39
-0.024 -0.737 1.332 84 124 221
-1.205 -0.572 1.331 84 8 234
-2.647 2.019 0.114 7 66 72
-1.685 -0.807 3.176 202 0 215
0.716 -2.586 2.972 189 211 19
1.694 0.106 0.700 44 254 254
0.538 0.828 3.585 228 192 213
0.831 -1.463 1.983 126 221 141
-2.694 0.712 2.130 135 72 223
-2.336 2.905 3.535 225 35 3
-0.545 -1.906 1.965 125 61 85
-1.590 0.460 2.891 184 0 241
-0.547 -1.454 2.806 178 61 142
1.529 -0.115 2.838 180 254 254
1.019 -1.204 1.104 70 236 173
-1.048 1.960 3.877 247 17 79
2.310 -2.708 1.714 109 221 11
1.792 1.254 1.479 94 251 167
-2.227 -0.127 0.381 24 26 253
-0.986 2.252 3.789 241 21 47
-1.989 2.397 1.837 117 10 33
1.396 -2.193 3.796 242 253 53
-0.583 -2.660 0.861 54 57 14
2.792 0.312 3.402 216 171 248
0.863 0.953 0.227 14 224 201
-1.955 2.134 0.343 21 9 59
-2.533 1.987 0.437 27 54 75
-1.661 1.817 1.795 114 0 96
2.983 2.561 0.238 15 147 20
2.586 -1.561 2.247 143 194 128
-2.456 2.815 1.549 98 46 6
-1.497 -2.293 3.810 242 0 43
-0.051 -2.671 2.203 140 121 13
-2.454 -1.456 1.408 89 46 142
0.731 -2.969 2.372 151 212 1
-0.891 0.891 2.665 169 28 207
-2.687 2.324 2.252 143 71 40
-2.379 0.578 2.562 163 39 234
-1.649 -2.754 3.876 247 0 9
1.292 -1.269 2.059 131 250 165
-0.768 -1.013 0.344 21 38 195
0.723 -0.685 0.024 1 211 226
-2.581 -0.960 2.320 147 59 200
-1.729 -1.092 3.451 219 1 186
-2.308 -0.042 3.819 243 33 254
2.372 -1.018 3.136 199 216 194
1.859 2.322 1.564 99 249 40
0.143 -2.645 3.551 226 145 15
-2.461 0.482 2.518 160 47 240
-0.157 2.254 3.815 243 107 47
-0.985 -2.523 0.299 19 21 23
-0.658 2.780 0.914 58 49 8
0.680 2.962 2.574 164 207 2
0.299 2.319 3.667 233 165 40
1.211 -0.401 3.845 245 246 244
0.631 -2.745 2.371 151 202 9
-0.590 0.347 3.420 217 56 247
-1.346 1.090 2.843 181 3 186
1.186 2.667 0.817 52 245 14
1.646 1.634 2.632 167 254 119
-2.858 -2.424 2.634 167 91 31
-0.614 1.187 2.962 188 54 175
1.092 0.833 1.580 100 240 213
-2.393 -2.181 2.413 153 40 54
-0.043 1.010 3.950 251 122 195
2.586 0.424 2.360 150 194 243
2.741 1.228 0.717 45 177 170
-2.241 -1.666 2.506 159 27 115
-1.815 2.155 3.504 223 3 57
-0.145 1.077 2.304 146 109 187
-1.308 2.574 0.080 5 4 20
1.493 1.650 0.427 27 254 117
-2.800 2.985 2.494 158 84 1
2.686 -2.774 2.836 180 183 8
-0.111 2.245 0.850 54 113 47
2.063 1.485 3.501 223 239 138
-1.579 -0.795 1.903 121 0 216
2.456 -2.389 0.497 31 208 34
0.508 -1.928 0.054 3 189 82
-2.457 -1.870 3.097 197 46 89
0.496 1.782 1.976 125 188 100
1.660 -1.423 1.689 107 254 146
1.682 1.110 1.522 97 254 184
1.599 2.529 0.356 22 254 23
2.940 1.577 0.556 35 153 126
1.905 -0.347 3.700 235 247 247
1.162 -1.692 0.800 50 244 112
1.226 -0.235 1.395 88 247 251
-1.808 2.380 2.645 168 3 35
-1.554 0.305 3.322 211 0 249
-2.095 1.450 1.714 109 17 142
2.585 -2.968 2.383 151 194 1
0.713 -1.701 1.986 126 210 110
2.660 2.557 3.916 249 186 21
-0.639 -1.147 2.677 170 51 179
2.665 -2.318 2.913 185 185 40
1.288 -0.267 1.065 67 249 250
-2.748 -0.805 0.755 48 78 215
-2.500 1.611 3.132 199 51 122
1.136 0.424 3.259 207 243 243
0.323 0.924 2.401 153 167 204
2.809 -2.285 1.553 98 169 43
-2.361 0.443 2.705 172 37 242
-1.054 1.506 0.493 31 16 135
-2.000 -0.135 0.176 11 11 253
-1.897 -1.841 3.434 218 6 93
-2.879 2.114 3.876 247 94 61
0.185 1.481 2.584 164 150 138
1.442 0.628 2.433 155 253 230
-0.032 0.369 1.288 82 123 246
-0.661 -1.428 3.974 253 49 145
2.192 -0.470 2.726 173 231 241
-1.342 0.296 2.533 161 3 249
-2.358 0.823 2.707 172 37 214
2.137 -0.413 2.799 178 235 244
-2.792 -2.928 2.963 188 83 2
2.859 -2.565 3.951 251 163 20
-0.696 -2.851 3.255 207 45 5
-0.102 2.332 3.800 242 114 39
-2.636 -1.978 3.855 245 65 76
0.099 1.046 0.675 43 140 191
1.187 -1.073 1.100 70 245 188
-2.751 -2.006 1.145 73 78 73
0.003 -1.886 2.270 144 127 88
-1.560 2.561 1.473 93 0 20
2.454 1.381 3.420 218 208 151
1.624 0.932 2.669 170 254 203
-2.374 2.095 1.277 81 38 63
-1.252 1.285 0.971 61 6 163
-1.482 0.036 3.670 233 0 254
0.582 0.392 0.940 59 197 245
-2.189 -0.072 1.087 69 23 254
-0.980 2.872 3.175 202 21 4
-0.851 -0.770 3.501 223 31 218
1.213 -1.101 1.846 117 246 185
-2.637 -0.072 2.164 137 65 254
2.252 0.264 2.705 172 226 250
2.356 -1.382 0.648 41 217 151
-2.728 -2.230 2.916 185 76 49
1.042 2.082 0.336 21 237 65
0.020 1.144 1.648 105 130 180
2.266 2.200 1.377 87 225 52
2.225 -1.785 2.498 159 228 100
-2.608 -1.498 0.359 22 62 136
0.769 -0.195 1.619 103 216 252
1.858 1.871 1.039 66 249 89
-0.241 -1.986 3.137 199 97 76
0.678 2.322 1.694 108 207 40
-2.334 0.547 0.166 10 35 236
-0.802 2.193 2.464 157 35 53
0.401 -0.602 1.652 105 177 232
-2.318 0.157 0.273 17 33 253
2.666 1.068 2.047 130 185 188
2.218 2.000 3.484 222 229 74
-2.738 0.206 0.196 12 77 252
-2.437 -0.352 0.716 45 44 247
-1.625 1.785 3.496 222 0 100
0.904 -2.016 1.712 109 227 72
2.304 0.149 1.023 65 222 253
-0.261 -1.962 1.028 65 94 78
-2.715 -2.431 2.214 141 74 30
0.761 -0.596 1.908 121 215 233
1.496 0.767 3.439 219 254 219
-1.735 2.857 1.440 91 1 5
-0.190 -2.025 2.227 141 103 71
-2.068 1.124 3.590 228 15 182
-0.878 -1.496 0.480 30 29 137
0.584 -0.353 1.829 116 197 247
-1.455 -0.907 2.404 153 0 206
-2.277 2.232 2.983 190 30 49
-0.842 -0.064 0.721 45 32 254
2.023 0.968 1.319 84 242 199
0.917 1.506 2.429 154 228 135
-2.665 -2.333 1.519 96 68 39
1.120 0.043 3.669 233 242 254
-2.886 -2.664 2.805 178 95 14
2.695 1.372 1.225 78 182 152
-1.153 -2.675 3.198 203 10 13
-2.230 2.192 2.878 183 26 53
-2.197 1.055 3.998 254 24 190
0.743 2.830 1.806 115 213 6
2.622 0.624 1.362 86 190 230
-1.609 0.057 0.335 21 0 254
2.112 2.036 4.000 254 236 70
-1.436 -1.436 1.075 68 1 144
-1.143 -0.562 1.828 116 11 235
-1.617 0.947 0.085 5 0 201
1.494 1.298 2.265 144 254 161
0.368 -2.045 3.767 240 173 69
0.362 -2.801 1.379 87 172 7
-0.988 0.901 2.272 144 21 206
-2.331 1.056 2.693 171 35 190
0.034 -0.080 2.537 161 131 254
-2.505 -2.585 3.017 192 51 19
-2.536 -2.727 3.389 216 54 10
-2.501 2.749 3.706 236 51 9
-0.399 0.434 1.891 120 77 243
1.554 0.170 3.504 223 254 253
-0.664 -0.032 3.078 196 48 254
0.147 1.546 0.546 34 146 130
1.955 2.340 1.961 124 245 38
1.249 -2.505 3.374 215 248 24
2.488 2.852 3.787 241 204 5
0.997 0.227 0.287 18 234 251
1.553 0.077 1.817 115 254 254
2.104 1.381 1.462 93 237 151
-1.923 0.283 0.961 61 7 249
1.281 -2.023 0.355 22 249 71
0.062 0.177 0.898 57 135 253
-0.992 2.822 2.578 164 20 6
2.820 2.317 3.942 251 167 40
-2.427 0.018 3.833 244 43 254
0.195 0.115 3.584 228 152 254
-1.809 -2.282 1.342 85 3 44
-2.502 -1.486 1.186 75 51 138
2.077 -0.571 2.373 151 239 234
2.259 1.749 0.196 12 225 104
1.888 -1.838 3.848 245 248 93
2.838 2.210 2.606 166 165 51
2.066 0.179 3.889 247 239 252
-0.607 -1.220 3.067 195 54 171
-0.628 2.425 3.074 195 52 31
2.231 -0.783 2.739 174 228 217
-1.304 -1.251 0.055 3 4 167
-0.233 0.555 2.025 129 98 235
1.154 2.951 3.764 239 244 2
-1.945 -1.005 0.292 18 8 195
2.684 -1.255 2.115 134 183 167
-2.076 -0.712 2.998 191 15 224
-1.330 -2.388 3.691 235 3 34
2.848 1.721 0.664 42 164 108
2.346 -1.130 1.441 91 218 181
-2.501 -0.917 1.307 83 51 205
-2.171 2.963 1.361 86 22 2
-2.263 -1.148 2.499 159 29 179
1.811 -2.681 2.869 182 251 13
-2.051 1.474 1.209 77 14 139
-2.409 -2.902 0.294 18 42 3
2.164 -1.023 1.430 91 233 193
2.678 -0.889 2.087 133 184 207
-0.281 0.872 2.257 143 92 209
1.554 -0.729 3.850 245 254 222
-1.699 2.040 3.800 242 1 69
0.495 -0.120 1.038 66 188 254
2.014 -0.904 1.492 95 242 206
2.211 0.930 0.035 2 229 203
-1.718 2.698 1.620 103 1 12
0.595 -0.751 0.680 43 198 220
2.215 -1.817 1.132 72 229 96
-0.244 -2.543 2.548 162 96 22
-1.745 1.276 0.951 60 1 164
0.740 1.010 1.669 106 213 195
-1.740 1.937 3.776 240 1 81
-1.350 1.514 0.255 16 3 134
2.191 -2.884 3.759 239 231 4
-0.224 -1.192 1.026 65 99 174
-1.981 0.128 1.504 95 10 253
0.974 -1.081 2.967 189 232 187
-2.932 0.022 2.109 134 100 254
-0.605 -1.867 2.257 143 54 90
-0.353 -1.393 0.658 41 83 150
2.433 0.854 1.777 113 210 211
1.119 1.811 3.539 225 242 97
1.746 0.270 3.507 223 253 250
-1.410 -2.258 1.247 79 1 46
-1.695 0.542 3.549 226 0 236
2.939 -0.306 1.791 114 153 249
1.991 -0.544 3.888 247 243 236
-0.763 0.765 1.339 85 39 219
-0.609 0.653 1.498 95 54 228
2.048 -1.884 2.001 127 240 88
0.180 2.800 0.641 40 150 7
2.095 -1.107 3.575 227 237 184
-1.266 2.597 1.430 91 5 18
0.664 -2.056 0.389 24 206 68
2.625 0.860 2.287 145 190 210
0.247 2.021 2.031 129 158 71
1.266 0.838 0.261 16 249 212
1.881 0.413 3.881 247 248 244
0.538 0.593 0.257 16 192 233
0.090 0.393 3.248 207 138 245
2.165 0.057 3.893 248 233 254
0.426 -1.190 1.994 127 180 174
-2.827 -1.813 1.541 98 88 96
2.903 1.720 2.773 176 157 108
0.526 -0.496 2.871 183 191 239
2.690 2.120 2.109 134 183 60
-0.212 -2.834 2.304 146 100 6
2.037 -1.532 0.365 23 241 132
0.948 0.961 2.266 144 231 200
2.152 -1.679 3.965 252 234 113
-1.544 2.861 2.636 168 0 4
0.484 2.790 0.343 21 186 7
-1.982 -1.747 2.401 153 10 105
-2.767 -0.098 3.683 234 80 254
-0.424 1.883 1.031 65 75 88
2.855 -1.952 1.014 64 163 80
-2.892 -0.050 3.923 250 96 254
1.442 -0.885 1.997 127 253 208
-2.136 -0.412 1.841 117 19 244
-0.388 -1.710 3.061 195 79 109
-0.681 -0.556 1.762 112 47 235
-2.969 -0.624 0.984 62 105 230
0.316 -1.080 3.512 223 167 187
-0.782 -1.973 1.950 124 37 77
2.072 -2.500 1.820 116 239 25
-2.371 0.993 0.575 36 38 197
2.534 2.876 2.531 161 200 4
-1.681 0.987 0.197 12 0 197
1.460 1.223 0.715 45 254 170
-0.447 -0.166 3.479 221 72 253
-2.829 2.085 2.409 153 88 64
0.451 -0.989 2.919 186 183 197
0.657 1.361 2.706 172 205 154
-0.116 1.824 3.321 211 112 95
-1.430 -2.864 0.751 47 1 4
-1.192 1.390 2.869 182 9 150
-2.952 -2.954 1.908 121 103 2
0.094 1.512 3.576 227 139 134
0.662 1.371 0.289 18 205 152
-0.612 -1.584 0.535 34 54 125
-0.804 -1.116 2.231 142 35 183
-0.471 -2.851 0.469 29 69 5
2.193 1.991 3.325 211 231 75
-0.564 -0.782 3.245 206 59 217
2.572 2.758 0.840 53 196 9
-1.918 -1.907 3.453 220 7 85
0.648 0.410 1.990 126 204 244
-1.687 1.195 0.304 19 0 174
-2.299 1.901 3.492 222 32 86
2.853 -1.302 1.558 99 163 161
-0.452 2.996 0.175 11 71 1
1.013 -2.957 0.310 19 235 2
-2.741 0.362 0.614 39 77 246
2.215 -1.269 1.445 92 229 165
-0.128 -1.823 1.358 86 111 95
-1.528 1.017 2.257 143 0 194
0.585 1.708 0.871 55 197 110
0.909 2.009 0.712 45 228 73
1.086 2.683 1.998 127 240 13
0.635 -0.986 1.331 84 203 197
0.863 2.414 2.730 174 224 32
-1.852 0.562 2.800 178 4 235
-0.582 1.780 0.831 52 57 101
1.060 -1.810 0.066 4 238 97
-2.761 0.549 2.679 170 80 236
1.997 -0.965 0.883 56 243 200
-0.279 2.307 3.801 242 92 41
0.556 0.101 1.767 112 194 254
1.006 -2.535 1.478 94 235 22
-1.324 -1.336 3.130 199 3 157
1.491 -1.770 1.158 73 254 102
2.519 1.016 3.061 195 201 194
2.311 1.336 0.634 40 221 157
1.813 -2.981 2.359 150 251 1
-0.218 1.959 2.760 175 99 79
1.432 -0.543 1.782 113 253 236
-0.300 -0.622 0.371 23 89 231
0.775 1.697 2.858 182 216 111
2.220 -2.465 1.917 122 229 28
-2.283 -0.096 0.735 46 31 254
-2.882 0.159 2.289 145 94 253
-1.439 1.603 3.242 206 1 123
-0.385 -0.998 1.845 117 79 196
-0.099 -2.471 3.189 203 114 27
1.488 1.926 2.645 168 254 83
2.821 1.783 0.025 1 167 100
-2.424 1.475 0.843 53 43 139
0.946 2.754 2.218 141 230 9
-1.944 -0.167 1.999 127 8 253
2.350 -1.778 0.087 5 218 101
-0.909 1.155 2.493 158 26 178
-2.610 1.388 3.862 246 62 150
0.238 -2.367 1.875 119 157 36
1.953 0.604 0.866 55 245 232
2.751 2.787 1.156 73 176 7
-0.139 1.903 2.598 165 109 85
-2.000 -1.927 1.523 97 11 83
1.765 2.241 0.092 5 252 48
-0.861 -2.877 1.988 126 30 4
0.484 2.374 3.685 234 186 35
0.195 0.362 0.849 54 152 246
2.795 -0.713 2.469 157 170 223
0.812 -2.494 2.210 140 220 25
-2.282 -2.488 2.192 139 30 26
-1.535 -1.660 1.291 82 0 116
-1.585 -2.382 3.304 210 0 35
-2.532 -0.580 2.838 180 54 234
-1.433 -2.815 2.923 186 1 6
0.857 2.312 1.518 96 223 41
1.775 -0.535 0.932 59 252 237
1.464 -0.673 2.261 144 254 227
-1.576 2.269 1.001 63 0 45
-0.856 1.345 0.421 26 31 156
0.430 2.713 1.874 119 180 11
0.835 -1.243 3.766 240 222 168
0.676 -2.355 0.055 3 207 37
-2.344 1.784 2.950 188 36 100
0.378 0.104 3.600 229 174 254
1.728 -0.836 3.507 223 253 212
-1.993 -2.240 2.632 167 11 48
-0.314 -2.982 3.877 247 88 1
2.355 1.182 3.316 211 217 175
1.980 -1.995 2.995 190 244 75
0.038 -0.746 0.656 41 132 221
-2.204 -0.677 3.727 237 24 226
-0.451 1.436 2.590 165 71 144
2.176 -0.479 1.569 100 232 240
2.670 -0.393 1.255 80 185 245
-0.063 -2.924 3.645 232 119 3
-1.832 -1.641 2.799 178 4 118
2.061 1.033 3.366 214 239 192
0.313 -0.554 2.980 189 166 235
-0.332 1.872 0.357 22 85 89
-2.241 -2.914 2.345 149 27 3
0.101 -0.922 0.161 10 140 204
-2.468 1.433 2.755 175 47 145
-0.222 2.654 1.468 93 99 14
2.123 0.044 1.168 74 236 254
2.980 -1.124 0.880 56 148 182
-0.422 1.184 2.840 181 75 175
-1.692 1.184 2.794 178 0 175
1.549 -0.044 0.861 54 254 254
-0.030 1.318 2.248 143 123 159
-2.978 -0.191 3.640 232 106 252
1.682 0.997 3.124 199 254 196
-1.477 0.323 1.794 114 0 248
2.630 1.661 3.985 254 189 116
0.362 0.984 3.026 192 172 198
-0.351 -2.603 1.982 126 83 18
2.618 -1.314 0.892 56 191 159
1.667 -1.821 2.928 186 254 95
0.437 0.746 0.599 38 181 221
-1.338 2.110 0.749 47 3 62
-1.151 1.805 0.355 22 11 97
-0.034 -1.209 3.841 244 123 172
-0.582 1.639 3.642 232 57 118
-2.586 2.370 1.634 104 60 36
1.109 -0.440 3.578 228 241 242
2.251 -1.841 3.623 230 226 93
0.056 0.214 0.153 9 134 252
0.045 1.820 3.342 213 133 96
0.176 -2.008 3.414 217 149 73
0.474 -2.218 3.291 209 185 50
-2.513 1.120 3.458 220 52 183
0.918 -2.511 2.285 145 228 24
-0.948 2.020 2.093 133 23 72
2.436 0.263 3.811 242 210 250
-2.248 1.241 0.217 13 28 168
0.555 -1.967 3.562 227 194 78
1.567 -1.845 1.475 94 254 92
1.006 -0.822 2.910 185 235 214
-0.553 -0.371 1.572 100 60 246
-0.806 -0.380 1.544 98 35 245
-1.038 1.207 0.875 55 17 172
-2.090 -0.377 3.489 222 16 246
-1.590 -2.230 3.264 208 0 49
-2.770 -1.804 0.814 51 81 98
-2.307 1.063 2.495 159 33 189
-2.277 0.956 2.311 147 30 201
0.423 -2.329 0.246 15 179 39
-1.115 -1.164 2.513 160 13 177
0.486 0.110 3.894 248 187 254
1.544 1.624 1.036 66 254 120
-0.130 1.864 1.254 79 110 90
-1.970 2.875 0.390 24 10 4
-1.579 -1.852 1.432 91 0 92
0.353 0.373 1.230 78 171 246
0.136 -2.529 2.496 159 144 23
2.567 2.510 2.516 160 196 24
0.319 1.423 2.888 184 167 146
1.963 0.044 3.073 195 245 254
-1.631 -0.220 2.963 188 0 251
2.703 2.205 0.558 35 181 51
2.430 0.660 0.817 52 210 228
-2.056 2.805 1.756 111 14 7
1.446 0.125 3.791 241 254 254
2.512 -0.050 1.292 82 202 254
-2.671 0.979 1.269 80 69 198
0.527 -2.526 3.221 205 191 23
-1.056 -0.237 0.688 43 16 251
1.978 -2.721 1.091 69 244 11
1.299 -2.257 3.310 211 250 46
1.321 0.882 2.020 128 251 208
-2.824 -2.066 0.099 6 87 66
-1.674 2.826 0.725 46 0 6
-0.212 2.843 3.107 198 100 5
1.353 0.623 0.219 13 251 231
1.983 -2.159 1.131 72 244 56
-1.871 -0.740 2.196 140 5 221
-2.463 0.222 1.076 68 47 251
0.272 1.120 0.654 41 161 183
1.270 -2.176 1.604 102 249 55
1.786 2.018 2.845 181 252 72
0.508 0.417 0.154 9 189 244
-2.214 -1.333 3.366 214 25 157
-0.006 2.774 1.455 92 126 8
0.492 -1.805 3.953 252 187 97
0.755 -1.121 0.487 31 214 182
-2.289 -1.939 1.970 125 31 81
0.330 0.033 1.073 68 168 254
2.376 0.494 2.462 156 215 239
-2.643 -0.471 1.695 108 66 241
-2.187 1.855 0.149 9 23 91
-1.159 0.888 0.901 57 10 207
2.885 -0.808 1.554 99 159 215
-1.054 -0.258 1.179 75 16 250
2.761 1.676 2.128 135 174 114
-2.883 -0.752 0.409 26 94 220
2.118 -2.245 3.256 207 236 47
0.337 -1.874 2.450 156 169 89
0.814 0.048 0.978 62 220 254
-2.497 -2.692 3.926 250 50 12
1.130 -2.047 0.182 11 242 69
-2.691 2.637 3.257 207 72 15
2.629 2.483 0.100 6 190 26
0.950 -1.017 2.547 162 231 194
-2.795 -2.131 1.326 84 84 59
2.248 0.086 0.841 53 226 254
2.307 -2.231 3.226 205 221 49
0.002 2.997 2.929 186 127 1
1.896 -2.515 1.229 78 248 24
1.400 -1.254 3.337 212 253 167
2.658 -2.902 1.808 115 186 3
-2.000 1.521 2.384 151 11 133
-2.621 -1.293 3.345 213 64 162
0.835 -0.027 2.843 181 222 254
-1.392 1.453 0.492 31 2 142
1.904 -0.348 1.114 70 247 247
0.125 0.122 2.646 168 143 254
-0.391 -1.787 1.178 75 78 100
-1.074 0.231 0.100 6 15 251
0.872 -0.447 0.411 26 225 242
-2.715 0.048 1.812 115 74 254
-0.807 1.557 0.953 60 35 129
1.233 2.491 2.675 170 247 26
0.090 1.006 3.271 208 139 195
2.893 2.558 3.383 215 158 21
-1.556 -2.671 3.265 208 0 13
0.559 -1.039 2.277 145 195 192
-0.203 2.136 2.177 138 101 59
1.445 0.886 3.029 193 253 208
-2.125 1.020 3.549 226 19 194
2.492 -0.475 2.146 136 204 240
-0.202 -2.216 3.249 207 101 50
2.156 1.466 2.808 179 233 140
0.833 -1.114 2.721 173 221 183
-0.718 -2.041 2.630 167 43 69
-2.998 -2.006 2.685 171 109 73
0.964 -1.702 1.831 116 232 110
-0.173 0.132 3.285 209 105 253
-1.362 2.053 3.727 237 2 68
0.490 1.914 3.758 239 187 84
1.421 0.185 1.848 117 253 252
-1.044 -2.007 1.707 108 17 73
0.073 -1.836 3.264 208 136 94
2.333 2.935 3.101 197 219 2
-1.939 -2.602 1.722 109 8 18
-1.131 -0.096 1.915 122 12 254
2.924 -1.211 0.032 2 154 172
1.845 -0.392 0.018 1 250 245
-1.237 1.922 3.290 209 7 83
-0.791 2.895 0.763 48 36 3
0.526 -0.071 3.402 216 191 254
-2.556 -1.733 1.521 96 57 106
2.427 0.622 3.483 222 211 231
-1.905 0.952 3.892 248 7 201
-1.744 -1.327 0.964 61 1 158
-0.572 0.300 2.234 142 58 249
-0.911 0.988 1.380 87 26 197
2.717 -1.917 0.273 17 180 84
-2.188 -2.698 3.295 210 23 12
-2.512 -0.020 0.398 25 52 254
-2.846 1.057 0.480 30 90 190
1.317 1.889 0.406 25 250 87
-0.262 -0.017 1.826 116 94 254
-2.417 -2.946 2.924 186 42 2
-2.711 2.818 1.405 89 74 6
1.232 -0.473 2.424 154 247 241
2.469 -0.855 3.631 231 206 211
0.438 1.852 3.441 219 181 92
0.476 2.711 1.801 114 185 11
-2.425 2.396 2.957 188 43 33
0.748 -1.305 3.321 211 214 160
1.147 2.371 1.591 101 243 35
2.997 0.159 2.836 180 145 253
-0.667 1.564 0.048 3 48 128
0.775 -1.626 1.383 88 216 120
2.147 -1.448 3.887 247 234 143
-2.178 1.002 2.577 164 22 196
-0.137 -0.175 2.207 140 110 253
-1.096 -2.058 1.147 73 14 67
2.310 -2.334 0.113 7 221 39
2.057 -2.729 2.201 140 240 10
-0.399 -2.497 3.507 223 77 25
-0.957 -2.803 2.599 165 23 7
2.248 -0.226 1.986 126 226 251
-2.176 2.889 2.327 148 22 4
-0.255 -0.445 1.615 102 95 242
0.577 -0.962 1.142 72 197 200
0.692 1.648 0.146 9 208 117
1.433 -2.428 2.913 185 253 31
-2.146 -2.593 1.881 119 20 18
-0.682 0.845 3.843 244 47 212
-0.113 1.487 3.869 246 113 138
0.468 2.880 0.605 38 184 4
-1.471 0.734 0.812 51 0 222
1.674 1.552 1.553 99 254 129
-1.555 0.054 3.762 239 0 254
0.056 -1.441 3.565 227 134 144
-1.932 -1.434 0.064 4 8 144
-1.890 -2.556 1.543 98 6 21
-2.174 0.822 1.875 119 22 214
-0.952 0.643 1.978 126 23 229
-2.486 1.893 2.591 165 49 87
2.399 -2.150 2.122 135 213 57
2.884 0.588 2.518 160 159 233
-0.468 1.871 3.610 230 69 89
-1.016 -0.200 2.593 165 19 252
1.989 0.618 3.745 238 244 231
0.883 -2.152 0.079 5 226 57
0.456 -0.575 0.333 21 183 234
-0.497 0.131 0.118 7 66 253
0.520 0.941 1.056 67 190 202
-2.912 0.108 0.746 47 98 254
-0.205 -2.727 2.310 147 101 10
2.648 -2.005 2.273 144 187 73
2.969 0.280 1.885 120 149 250
-2.451 0.032 3.598 229 46 254
-2.064 -0.156 2.637 168 15 253
-2.077 2.228 0.721 45 16 49
-1.096 -2.464 0.429 27 14 28
2.012 0.868 2.393 152 242 209
1.455 1.580 0.251 15 254 126
-2.863 1.099 2.967 189 92 185
2.525 2.731 0.464 29 201 10
2.763 1.089 2.097 133 174 186
-0.286 1.152 2.802 178 91 179
-1.088 -1.092 1.557 99 14 186
1.120 0.008 0.773 49 242 254
0.308 2.391 2.452 156 166 34
-0.703 0.505 1.604 102 45 239
-0.160 0.597 0.581 37 107 232
1.498 2.745 3.755 239 254 9
2.381 -0.317 2.157 137 215 248
-2.283 -1.885 3.227 205 30 88
2.029 0.705 2.920 186 241 224
-0.313 2.851 2.539 161 88 5
1.979 2.171 1.213 77 244 55
-0.801 2.221 1.370 87 35 50
0.246 1.399 2.654 169 158 149
-0.912 -2.253 1.903 121 26 47
0.375 0.535 3.219 205 174 237
-0.880 -1.230 1.815 115 29 170
-0.092 -1.749 2.070 131 115 104
-2.384 -1.851 2.195 139 39 92
-1.396 -2.656 2.682 170 1 14
2.468 1.721 3.404 217 207 108
0.463 -0.094 1.677 106 184 254
1.555 -1.989 3.848 245 254 75
-0.224 -2.963 3.105 197 99 2
2.346 -1.856 2.193 139 218 91
1.302 0.488 1.355 86 250 240
1.704 1.942 1.593 101 253 81
-2.760 2.802 0.739 47 80 7
2.650 -2.928 3.387 215 187 2
-2.254 0.893 0.766 48 28 207
-0.079 2.715 2.999 191 117 11
-2.041 -0.732 1.863 118 13 222
1.927 -1.823 0.553 35 247 95
2.026 1.633 0.838 53 241 119
-2.933 2.514 0.346 22 101 24
1.575 -0.559 0.702 44 254 235
-1.309 2.454 0.747 47 4 28
1.910 -1.046 2.783 177 247 191
-2.450 2.353 2.963 188 46 37
-0.429 -0.254 1.417 90 74 250
-2.947 2.636 1.306 83 102 15
-0.755 -0.486 0.416 26 40 240
-1.689 2.491 1.188 75 0 26
-0.686 1.149 0.806 51 46 179
0.483 1.529 2.106 134 186 132
-2.346 1.730 3.869 246 36 107
-1.144 -0.498 0.348 22 11 239
-0.144 -2.606 0.647 41 109 17
0.238 -0.909 0.515 32 157 205
-0.896 -2.972 2.949 187 27 1
0.400 -2.156 3.534 225 177 57
-0.377 2.745 0.663 42 80 9
1.809 1.824 3.867 246 251 95
2.049 -2.033 3.504 223 240 70
0.114 2.993 3.938 251 141 1
-0.170 1.470 2.799 178 105 140
-0.183 2.061 0.373 23 104 67
-0.505 0.393 1.961 124 65 245
0.933 2.667 1.732 110 229 14
-1.102 1.689 3.998 254 13 112
-0.115 -0.181 2.553 162 112 252
1.351 0.577 1.434 91 251 234
1.931 -1.754 2.843 181 246 104
-0.457 -2.122 1.192 75 71 60
-0.530 -2.760 2.997 191 63 9
-1.184 2.193 3.086 196 9 53
1.487 -2.111 2.176 138 254 61
-2.678 -2.123 1.493 95 70 60
-2.000 2.330 2.815 179 11 39
2.164 -0.397 2.969 189 233 245
-0.605 1.694 1.149 73 55 111
0.004 -0.386 2.570 163 127 245
0.007 -0.600 3.835 244 128 232
1.976 2.730 2.588 164 244 10
1.925 2.693 3.870 246 247 12
-0.515 -1.315 2.924 186 64 159
-0.771 -2.102 3.257 207 38 62
-1.165 -1.364 3.606 229 10 153
0.665 -2.159 0.063 4 206 56
-1.086 -1.505 0.962 61 14 135
-2.735 2.478 1.186 75 77 27
2.724 -0.981 3.236 206 179 198
0.398 -2.747 1.751 111 176 9
-2.822 -0.778 3.155 201 87 218
1.104 -2.379 2.032 129 241 35
2.733 0.758 3.461 220 178 220
-0.558 -0.642 3.128 199 59 229
0.304 -0.635 0.794 50 165 230
0.116 -0.696 2.168 138 142 225
-1.016 2.596 3.655 233 19 18
0.467 -2.576 1.711 109 184 19
2.767 -1.739 2.123 135 174 106
-1.717 -2.362 3.590 228 1 36
2.637 2.843 2.394 152 189 5
-2.292 -0.878 3.517 224 31 208
-2.153 -1.694 1.127 71 21 111
1.547 -1.468 1.965 125 254 140
-1.834 0.323 2.386 152 4 248
-2.074 -2.681 2.843 181 15 13
1.939 2.524 0.043 2 246 23
1.055 0.976 1.050 66 238 198
-0.258 2.148 3.802 242 94 57
-2.307 0.512 1.834 116 33 238
-2.067 -0.268 3.472 221 15 250
1.372 -2.292 2.871 183 252 43
-1.989 2.171 2.013 128 10 55
-2.144 2.693 3.878 247 20 12
-1.566 0.286 3.854 245 0 249
1.671 1.542 2.209 140 254 131
0.797 0.240 2.827 180 218 251
-0.628 0.978 3.500 223 52 198
2.983 -0.687 0.290 18 147 226
2.691 1.747 2.227 141 182 105
0.354 -1.109 2.772 176 171 184
-2.526 0.802 1.670 106 53 216
2.654 -0.006 3.100 197 187 254
-0.495 2.262 0.020 1 66 46
0.406 -0.349 2.730 174 177 247
-0.975 0.819 1.752 111 21 214
-0.043 1.688 1.429 91 122 112
0.752 -2.491 3.005 191 214 26
0.795 -1.678 0.148 9 218 113
-1.318 0.087 3.681 234 4 254
2.030 1.762 0.917 58 241 103
1.068 0.374 0.781 49 239 246
0.120 -2.561 0.731 46 142 20
-0.214 -0.838 0.730 46 100 212
-2.960 -2.333 0.180 11 104 39
1.817 0.059 1.547 98 251 254
-0.042 2.207 2.854 181 122 51
-1.261 0.304 1.989 126 6 249
0.087 0.827 3.645 232 138 213
2.828 -1.678 0.110 7 166 113
2.892 1.194 0.191 12 158 174
2.770 -1.586 0.897 57 173 125
1.702 -2.186 0.369 23 253 53
0.380 -2.393 0.762 48 174 34
-2.577 -1.420 3.295 210 59 146
1.074 -2.338 3.328 212 239 38
-2.450 2.247 2.951 188 46 47
-2.166 -2.042 1.566 99 21 69
1.315 -0.926 0.639 40 250 204
-1.671 -1.734 3.538 225 0 106
-0.947 1.931 0.465 29 24 82
-1.088 -0.567 2.263 144 14 235
2.477 -2.239 0.542 34 206 48
1.699 2.345 3.577 228 253 38
2.875 0.545 1.503 95 161 236
-1.031 -2.366 2.324 148 18 36
-0.762 -2.174 2.064 131 39 55
-1.051 0.548 2.549 162 16 236
2.589 2.284 2.885 183 194 44
0.139 -1.083 2.865 182 145 187
0.895 -2.821 1.653 105 226 6
1.654 -0.606 0.620 39 254 232
-1.353 2.472 0.228 14 2 27
2.458 -2.533 0.570 36 208 22
-1.096 2.707 2.404 153 14 11
-1.220 2.474 3.595 229 7 27
0.917 -0.967 3.397 216 228 199
-2.460 -0.309 1.578 100 47 248
-0.820 -0.229 0.632 40 34 251
-0.254 2.876 0.907 57 95 4
2.161 -1.757 1.841 117 233 103
0.696 1.286 2.613 166 209 163
-1.962 2.719 3.876 247 9 11
0.456 0.864 3.667 233 183 210
-1.605 -2.465 1.579 100 0 28
2.642 -0.406 2.368 150 188 244
1.772 -2.585 1.933 123 252 19
0.166 2.907 1.783 113 148 3
1.738 -2.591 0.175 11 253 18
-0.813 2.484 3.622 230 34 26
1.182 2.975 0.239 15 245 1
0.092 0.697 2.096 133 139 225
-2.373 -2.278 2.324 148 38 44
1.527 -2.185 1.694 107 254 54
0.081 0.468 0.037 2 137 241
2.140 -1.246 0.893 56 234 168
1.555 1.131 3.672 234 254 181
2.181 0.590 3.738 238 231 233
-2.957 -1.328 0.180 11 104 158
2.746 -0.147 2.605 166 176 253
1.758 -2.468 1.713 109 252 27
1.560 -2.846 2.912 185 254 5
1.485 0.827 2.265 144 254 213
0.985 -0.372 1.193 76 233 246
2.278 -1.328 0.376 23 224 158
-1.448 -1.957 1.053 67 0 79
1.763 -1.250 1.210 77 252 167
-1.846 -1.476 3.608 230 4 139
0.896 0.432 2.268 144 227 243
-1.840 2.014 0.883 56 4 72
1.738 1.122 2.350 149 253 182
-0.465 -2.293 0.673 42 70 43
2.355 -2.953 2.319 147 217 2
-2.541 -2.362 2.531 161 55 36
1.990 -1.696 2.766 176 243 111
-0.919 -1.666 1.969 125 26 115
1.589 -1.183 3.079 196 254 175
2.338 -1.860 3.375 215 219 91
0.387 -2.815 3.819 243 175 6
-1.225 2.257 1.546 98 7 46
1.706 0.790 3.598 229 253 217
1.210 0.097 1.846 117 246 254
0.301 2.578 0.581 37 165 19
2.741 -1.075 0.315 20 177 188
-1.863 -2.933 1.524 97 5 2
-2.946 -0.421 2.743 174 102 243
0.085 -2.119 3.063 195 138 61
-2.953 0.068 2.963 188 103 254
-0.359 2.299 2.292 146 82 42
-2.794 1.416 0.437 27 84 147
0.050 2.433 3.415 217 133 30
-1.226 0.452 2.757 175 7 242
-0.110 -0.107 2.041 130 113 254
-1.618 -2.852 1.705 108 0 5
2.439 0.467 1.162 74 209 241
0.489 0.436 0.421 26 187 243
-2.485 2.133 2.806 178 49 59
0.516 0.428 0.637 40 190 243
1.916 0.706 2.996 191 247 224
2.380 -0.693 2.542 162 215 225
-0.912 -1.613 2.337 149 26 122
0.698 -2.818 1.979 126 209 6
-1.257 0.701 3.185 203 6 224
-1.893 0.506 0.333 21 6 238
-1.422 -2.992 2.751 175 1 1
2.287 0.826 0.655 41 223 213
1.878 1.568 1.655 105 249 127
-0.067 1.749 3.103 197 119 104
1.984 2.023 1.324 84 244 71
-1.747 -2.839 0.694 44 1 5
0.990 -1.110 1.028 65 234 184
-2.081 -2.908 3.150 200 16 3
-0.015 -1.683 0.131 8 125 113
0.313 -1.743 1.563 99 166 105
-1.149 -0.258 2.345 149 11 250
-0.504 0.009 1.318 84 65 254
-0.279 1.251 0.396 25 92 167
-1.142 -0.711 0.265 16 11 224
-2.678 -2.783 3.283 209 70 8
-1.283 1.943 3.822 243 5 81
2.292 -0.740 2.160 137 223 221
-0.177 -1.008 2.400 152 105 195
-1.700 1.858 2.203 140 1 91
0.085 1.796 2.124 135 138 99
-1.394 -1.801 0.105 6 1 98
-1.274 -1.056 2.566 163 5 190
-0.082 -0.739 2.447 155 117 221
-1.969 -1.641 2.278 145 9 118
-2.262 -0.211 0.637 40 29 252
0.676 -1.227 2.257 143 207 170
1.986 2.592 0.279 17 244 18
1.498 0.913 2.530 161 254 205
-0.647 1.847 0.452 28 50 92
0.532 -1.897 2.302 146 192 86
-0.599 2.577 1.640 104 55 19
-1.114 -1.521 0.238 15 13 133
2.647 -0.758 3.760 239 188 220
-2.771 -2.361 3.433 218 81 36
-1.775 -0.526 1.481 94 2 237
-2.390 -0.105 0.360 22 40 254
1.385 -0.932 2.577 164 252 203
0.123 -0.561 0.066 4 143 235
2.802 1.388 2.695 171 169 150
2.050 -2.124 0.584 37 240 60
0.907 -1.957 2.582 164 227 79
-1.560 -2.213 3.534 225 0 51
1.223 -1.394 2.855 182 247 149
-2.001 0.871 0.382 24 11 209
0.720 -0.199 3.418 217 211 252
2.141 1.957 3.606 229 234 79
-1.690 -2.342 1.015 64 0 38
-0.603 2.602 1.384 88 55 18
0.153 -0.323 1.028 65 146 248
1.451 0.376 3.661 233 254 246
0.740 -1.453 0.064 4 213 142
-0.576 -1.241 1.459 93 58 168
-2.174 0.445 3.408 217 22 242
-0.395 1.268 1.377 87 78 165
2.655 0.927 1.765 112 187 204
-2.231 -2.721 3.020 192 26 11
-1.088 0.256 3.396 216 14 250
2.149 0.026 3.073 195 234 254
1.805 -0.430 3.567 227 251 243
-2.453 2.836 3.718 237 46 5
2.586 1.079 3.115 198 194 187
-0.360 -2.525 1.205 76 82 23
-1.138 1.924 2.312 147 11 83
-1.125 -1.386 0.362 23 12 150
0.654 -2.880 3.674 234 205 4
-0.002 -2.168 1.867 119 127 55
-1.454 -1.349 2.254 143 0 155
1.658 2.895 0.798 50 254 3
-1.449 0.338 0.587 37 0 247
1.819 1.425 2.809 179 251 146
0.103 2.352 3.176 202 140 37
0.233 2.002 2.226 141 156 74
1.840 2.866 0.779 49 250 4
-0.237 1.713 3.166 201 97 109
-0.794 -0.783 0.506 32 36 217
-1.474 -1.206 1.183 75 0 173
-2.181 2.845 2.159 137 23 5
1.448 -0.700 2.161 137 254 225
1.438 1.362 3.418 217 253 153
-1.787 2.111 2.179 138 2 61
-2.840 1.968 0.088 5 89 78
0.784 -2.924 3.367 214 217 2
2.385 0.273 3.023 192 215 250
0.549 -2.830 2.640 168 194 6
1.932 2.317 2.853 181 246 40
0.036 -1.721 1.613 102 132 108
-2.307 2.639 0.691 44 33 15
0.959 1.752 2.744 174 231 104
-2.403 2.855 0.761 48 41 5
2.099 2.851 2.886 183 237 5
-1.753 0.153 2.775 176 2 253
-1.907 0.547 0.137 8 7 236
2.710 -0.503 1.872 119 180 239
-0.864 0.033 1.477 94 30 254
-1.345 1.789 1.636 104 3 99
-0.644 -1.723 2.851 181 50 108
-2.739 2.527 0.679 43 77 23
0.405 1.317 0.432 27 177 159
-1.324 -0.353 3.347 213 3 247
0.340 -1.085 3.187 203 170 187
-1.126 -1.693 1.149 73 12 112
-1.700 -0.997 2.171 138 1 196
-2.584 -2.067 1.599 101 60 66
-2.471 1.832 2.974 189 48 94
1.565 -2.012 0.108 6 254 73
2.500 -1.382 2.908 185 203 151
-1.868 -0.733 2.160 137 5 222
2.315 0.389 1.457 92 221 245
2.003 1.373 2.747 175 243 152
-0.241 0.072 0.622 39 97 254
-2.975 0.126 0.993 63 106 253
-0.817 2.024 0.585 37 34 71
2.129 -0.524 1.086 69 235 237
1.755 1.877 3.341 212 252 89
2.267 -2.673 0.486 30 225 13
-0.513 -2.430 3.004 191 64 30
-2.549 -2.847 0.566 36 56 5
-0.297 -1.870 1.912 121 90 89
1.742 -2.839 0.593 37 253 5
-1.990 -0.630 0.714 45 11 230
-2.595 -2.119 1.011 64 61 61
-2.411 2.631 3.806 242 42 16
1.214 2.319 2.287 145 246 40
2.235 -0.267 1.755 111 227 250
0.651 -0.135 2.773 176 204 253
-2.905 0.149 1.559 99 97 253
-0.787 -1.007 2.533 161 37 195
2.076 0.986 0.342 21 239 197
0.574 1.271 2.985 190 196 165
-0.318 -1.760 0.244 15 87 103
-2.662 0.782 2.712 172 68 217
0.047 0.075 0.194 12 133 254
2.519 1.717 3.599 229 201 108
1.514 -2.729 3.313 211 254 10
2.081 -1.655 1.928 122 238 116
-1.160 -0.166 2.870 182 10 253
-0.536 2.609 1.394 88 62 17
-2.048 1.981 3.414 217 14 76
2.383 2.024 2.525 160 215 71
-2.161 -2.578 0.276 17 21 19
0.279 -1.576 1.055 67 162 126
-1.342 1.290 3.832 244 3 162
1.384 -0.959 3.190 203 252 200
0.626 2.103 3.256 207 202 62
-1.020 2.192 1.425 90 18 53
-0.225 1.361 1.130 72 99 154
2.344 -1.829 3.662 233 218 94
-0.581 1.903 3.191 203 57 85
0.035 2.128 0.546 34 131 60
-2.001 0.063 1.197 76 11 254
-1.996 -2.591 1.033 65 11 18
-2.400 0.246 2.286 145 41 251
-2.459 -2.205 3.672 234 47 51
-0.367 0.309 2.499 159 81 248
-0.703 1.831 0.742 47 45 94
-1.411 1.435 2.368 150 1 144
2.017 2.452 1.692 107 242 29
-0.426 -1.002 0.655 41 74 196
-2.741 -2.189 1.844 117 77 53
1.950 -0.063 2.741 174 245 254
1.402 0.124 2.290 145 253 254
-2.668 -2.408 3.329 212 69 32
2.064 -0.951 2.951 188 239 201
0.881 -0.573 2.211 140 225 234
-0.019 2.452 3.974 253 125 29
-1.482 -0.376 2.291 146 0 246
1.988 2.213 1.904 121 244 51
-2.967 -2.785 1.958 124 105 8
0.971 2.480 2.905 185 232 26
-1.003 1.082 0.489 31 20 187
2.496 -1.348 2.426 154 204 155
-0.980 -1.122 3.991 254 21 182
2.335 0.894 2.335 148 219 207
1.070 -2.118 1.817 115 239 61
1.692 -1.628 3.927 250 254 120
1.109 -1.349 1.460 93 241 155
0.536 0.741 3.176 202 192 221
0.541 1.841 1.028 65 193 93
-1.382 -2.121 3.773 240 2 60
0.943 0.102 2.870 182 230 254
-2.774 0.127 1.311 83 81 253
1.505 -0.733 3.435 218 254 222
1.971 0.416 2.296 146 244 244
-2.065 -0.917 1.108 70 15 205
0.288 2.891 3.250 207 163 3
-2.518 1.513 3.583 228 53 134
-1.346 1.342 2.119 135 3 156
2.004 -2.982 1.946 124 243 1
1.997 -1.536 2.991 190 243 131
-1.094 -2.962 0.365 23 14 2
-1.633 0.472 0.811 51 0 241
2.330 -1.017 2.107 134 219 194
-2.520 -2.154 2.178 138 53 57
1.882 -1.408 2.760 175 248 148
-1.193 -1.474 3.828 244 9 139
1.705 2.436 3.853 245 253 30
-1.417 2.641 3.910 249 1 15
2.986 -2.353 1.985 126 147 37
-2.909 2.116 3.873 246 98 61
2.207 2.041 1.033 65 230 69
1.113 1.293 1.019 64 241 162
-0.227 1.744 3.173 202 98 105
0.703 2.951 2.578 164 209 2
-2.081 0.015 1.678 106 16 254
1.863 0.659 1.751 111 249 228
2.341 0.762 3.556 226 219 219
-1.117 -0.623 0.510 32 12 231
-0.695 0.142 1.286 81 45 253
0.140 -1.463 3.018 192 145 141
2.014 0.956 3.483 222 242 201
-1.295 0.615 2.106 134 4 231
-0.135 0.856 3.276 208 110 211
1.495 0.463 3.171 202 254 241
-2.339 1.664 1.849 117 35 115
-2.630 -0.957 0.151 9 65 200
1.962 0.150 2.169 138 245 253
-1.539 -0.521 2.891 184 0 238
2.000 -0.554 1.331 84 243 235
-0.075 2.499 2.665 169 117 25
-2.847 0.033 2.924 186 90 254
-0.675 -2.341 0.458 29 47 38
2.799 2.983 0.667 42 170 1
0.466 1.927 0.397 25 184 83
0.494 -0.058 3.036 193 187 254
2.475 1.023 2.683 171 206 193
0.302 2.298 1.917 122 165 42
-1.951 1.106 2.815 179 9 184
1.093 0.210 1.985 126 240 252
0.889 1.363 3.533 225 226 153
-0.725 1.906 3.796 241 42 85
1.326 0.626 2.328 148 251 230
-0.500 -1.797 1.424 90 66 98
1.498 0.129 2.051 130 254 253
0.243 0.429 2.702 172 158 243
0.552 -0.033 0.859 54 194 254
2.432 -2.342 3.625 231 210 38
-0.284 0.948 3.395 216 91 201
-0.223 -1.218 2.978 189 99 171
2.258 -2.995 3.958 252 226 1
-0.644 -1.344 0.681 43 50 156
-1.365 -2.044 2.204 140 2 69
-2.621 -0.819 0.846 53 64 214
-2.710 2.890 2.634 167 74 4
-1.284 2.027 2.732 174 5 71
-2.535 1.928 2.674 170 54 82
1.547 -1.640 2.619 166 254 118
-2.328 -2.911 0.620 39 34 3
1.260 -1.159 2.720 173 248 178
-1.729 -1.497 1.705 108 1 136
-0.035 -1.602 0.293 18 123 123
-1.858 0.280 3.055 194 5 250
-1.426 -0.223 2.029 129 1 251
-2.065 2.125 2.453 156 15 60
2.092 -2.339 3.816 243 238 38
-2.289 -0.215 1.371 87 31 252
2.955 1.509 0.401 25 151 135
-2.218 2.952 0.904 57 25 2
2.125 1.617 2.696 171 235 121
-2.458 2.646 3.326 212 46 15
1.235 -2.895 3.469 221 247 3
1.350 -2.807 3.515 224 251 7
-2.591 2.036 1.088 69 60 70
1.386 2.479 0.839 53 252 26
1.400 -2.840 2.909 185 253 5
1.955 1.389 1.719 109 245 150
1.277 0.488 3.407 217 249 240
2.456 1.918 3.482 221 208 84
-0.974 2.043 3.824 243 22 69
1.310 2.264 2.477 157 250 46
-0.998 1.727 3.476 221 20 107
-1.398 -1.854 1.165 74 1 91
-2.902 -2.062 1.421 90 97 67
0.169 2.143 1.423 90 148 58
-2.803 0.027 1.381 88 85 254
-0.848 1.255 0.601 38 31 167
-0.524 1.310 2.512 160 63 160
-1.522 1.110 1.825 116 0 184
0.183 -2.936 2.242 142 150 2
-0.077 0.271 1.365 87 117 250
1.568 1.312 0.716 45 254 160
-2.920 -1.777 0.694 44 99 101
-2.730 -2.573 1.377 87 76 20
2.853 -0.555 0.172 10 163 235
0.205 -2.202 0.823 52 153 52
-1.098 1.438 0.416 26 14 144
2.651 0.108 3.786 241 187 254
-1.560 2.545 3.250 207 0 21
-2.778 2.996 2.651 169 82 1
-0.911 -1.913 1.946 124 26 84
-2.732 1.085 1.279 81 76 187
0.836 0.817 1.665 106 222 214
-0.449 2.742 2.278 145 72 10
1.379 -1.234 3.599 229 252 169
-0.009 2.335 1.046 66 126 39
0.077 2.752 3.771 240 137 9
0.737 0.406 1.197 76 213 244
-0.002 2.866 2.398 152 127 4
-1.707 -1.569 3.687 235 1 127
0.519 -1.185 2.742 174 190 175
2.063 1.002 1.845 117 239 196
2.855 -0.648 1.816 115 163 229
-2.918 2.407 0.215 13 99 32
0.155 -0.979 0.680 43 147 198
-2.053 -1.016 3.002 191 14 194
-2.595 -2.487 2.412 153 61 26
-0.406 -0.430 1.717 109 77 243
-0.756 1.256 3.721 237 40 166
-1.037 1.847 3.296 210 17 92
-1.517 -1.397 1.056 67 0 149
1.618 -2.266 1.151 73 254 45
1.328 -2.895 2.634 167 251 3
2.323 -2.882 3.780 240 220 4
-0.096 -0.834 2.784 177 115 213
0.506 1.466 3.307 210 189 140
-1.875 -0.704 3.564 227 5 224
2.764 0.836 2.187 139 174 212
-2.380 1.086 2.912 185 39 186
1.609 0.742 0.419 26 254 221
-2.272 -1.291 3.587 228 30 162
0.246 2.780 1.879 119 158 8
2.599 -1.343 3.417 217 193 156
2.281 -0.524 3.885 247 224 237
1.847 -0.773 0.944 60 250 218
2.326 -2.944 2.174 138 220 2
-0.542 -0.524 3.543 225 61 237
-1.765 0.829 3.862 246 2 213
0.891 2.588 0.746 47 226 19
-0.981 0.019 1.238 78 21 254
-2.787 0.235 3.659 233 83 251
-2.659 -2.917 1.488 94 68 3
1.051 1.767 1.445 92 238 102
2.491 0.568 3.887 247 204 235
2.500 -1.067 3.853 245 203 189
1.514 2.318 1.566 99 254 40
1.972 0.618 1.143 72 244 231
2.371 2.397 1.618 103 216 33
2.186 -0.953 1.706 108 231 201
-0.006 -1.730 2.564 163 126 107
-2.793 1.276 2.993 190 83 164
1.651 2.087 1.068 68 254 64
-2.764 2.304 3.254 207 80 42
-1.584 -0.878 3.395 216 0 208
-1.551 -0.483 3.838 244 0 240
-2.831 -1.316 0.242 15 88 159
-0.774 -1.061 1.095 69 38 189
0.641 -0.960 2.902 185 203 200
-1.304 0.575 0.289 18 4 234
-1.322 -2.522 0.708 45 3 23
-0.746 0.339 1.647 105 40 247
-0.031 1.388 0.916 58 123 150
-2.888 -2.462 0.326 20 95 28
0.396 -1.051 1.563 99 176 190
1.074 -1.546 3.971 253 239 130
-0.632 -2.164 2.977 189 52 56
0.098 -2.929 3.979 253 139 2
-2.038 2.265 0.652 41 13 45
-1.022 -1.588 2.234 142 18 125
1.424 -2.742 0.733 46 253 10
-0.908 -1.364 3.609 230 26 153
2.329 2.519 0.091 5 220 23
0.346 -0.758 3.688 235 170 220
-2.789 2.432 1.576 100 83 30
-0.024 1.319 1.000 63 124 159
2.851 -1.267 3.017 192 164 165
2.031 -1.281 1.024 65 241 163
-1.557 1.917 2.042 130 0 84
-2.046 -2.789 3.478 221 14 7
2.322 -1.868 1.401 89 220 90
0.124 2.236 1.411 89 143 48
-0.502 1.550 3.197 203 66 130
1.560 -2.274 1.663 106 254 45
1.240 2.260 3.933 250 248 46
2.999 1.687 0.040 2 145 112
2.649 -1.617 0.795 50 187 121
-1.147 -0.260 3.814 243 11 250
-1.164 -2.472 1.145 73 10 27
-0.859 -2.126 2.910 185 30 60
0.094 -0.724 1.092 69 139 223
0.766 0.333 0.975 62 215 247
2.435 1.025 1.909 121 210 193
-1.172 2.554 0.770 49 10 21
1.996 1.515 2.375 151 243 134
1.435 2.961 1.749 111 253 2
-2.428 -0.735 2.361 150 44 222
-2.173 -1.256 2.139 136 22 166
0.140 0.210 2.552 162 145 252
-0.549 -2.416 1.621 103 60 32
-0.522 -2.307 3.946 251 63 41
-1.407 -0.195 1.282 81 1 252
1.815 -1.538 2.055 131 251 131
-0.328 -1.572 1.934 123 86 127
2.156 0.801 2.563 163 233 216
-2.405 -2.960 0.434 27 41 2
-0.880 -0.349 2.345 149 29 247
2.391 2.832 2.740 174 214 6
2.538 -0.516 0.033 2 199 238
-1.485 2.302 0.337 21 0 42
-2.122 0.897 2.337 148 18 207
2.424 0.878 1.239 79 211 208
0.396 1.206 1.096 69 176 172
1.515 1.617 3.959 252 254 121
1.455 -0.936 1.038 66 254 203
-0.623 -0.130 3.338 212 53 253
0.826 -2.007 3.934 250 221 73
-0.863 -2.259 2.081 132 30 46
-2.392 -1.988 0.076 4 40 75
1.939 -0.970 2.629 167 246 199
-1.202 0.253 0.374 23 8 250
-1.836 -2.419 2.675 170 4 31
2.867 -0.947 0.732 46 162 201
0.811 -0.387 0.387 24 219 245
0.034 1.714 0.365 23 131 109
2.151 -2.621 0.367 23 234 16
-1.761 1.781 1.038 66 2 100
-0.100 -2.934 0.939 59 114 2
-2.786 -1.785 2.097 133 83 100
-0.799 -1.881 1.391 88 36 88
0.220 0.840 0.954 60 155 212
2.564 -2.315 3.492 222 197 41
1.042 -0.555 2.113 134 237 235
-2.151 -2.059 0.121 7 20 67
-2.043 -2.609 0.600 38 13 17
2.340 0.106 0.323 20 219 254
-2.312 1.115 2.637 168 33 183
0.355 -0.103 0.188 12 171 254
-1.688 -1.716 3.490 222 0 109
2.388 -1.098 3.543 225 214 185
-1.783 0.743 0.942 60 2 221
-1.416 -0.486 1.141 72 1 240
1.988 2.336 1.947 124 244 39
0.304 0.387 0.477 30 165 245
-2.308 1.048 3.847 245 33 191
-1.351 1.573 0.861 54 3 127
0.340 -0.740 3.417 217 169 221
-1.421 1.791 0.578 36 1 99
0.606 0.436 0.067 4 200 243
-2.914 2.701 1.292 82 98 12
-1.039 -2.261 2.922 186 17 46
2.145 0.933 2.256 143 234 203
0.809 -0.832 1.084 69 219 213
-2.277 1.887 2.209 140 30 87
0.719 -1.926 0.380 24 211 83
2.535 -2.931 2.041 130 200 2
-1.381 -0.864 1.397 89 2 210
2.356 -2.305 2.426 154 217 42
1.724 0.675 1.597 101 253 227
-0.310 1.833 0.833 53 88 94
-0.560 -2.044 1.079 68 59 69
-0.004 1.848 1.715 109 127 92
-1.270 2.457 1.858 118 5 28
2.247 0.551 0.016 1 226 236
2.123 -0.901 3.137 199 236 206
2.821 1.090 0.061 3 167 186
0.007 -1.402 0.052 3 128 148
-1.302 0.121 1.452 92 4 254
-0.237 -2.156 1.246 79 97 57
-2.167 0.105 1.829 116 22 254
1.660 -1.316 1.280 81 254 159
2.496 1.027 1.855 118 204 193
-0.101 -1.000 3.729 237 114 196
2.279 -2.118 0.625 39 224 61
-0.949 1.967 0.590 37 23 78
0.540 0.232 3.060 195 193 251
-0.143 -0.562 0.970 61 109 235
-2.576 0.906 3.732 237 59 206
-2.507 1.168 3.255 207 51 177
-1.150 -1.555 1.214 77 11 129
1.853 1.161 0.833 53 249 178
-0.548 -1.880 2.846 181 61 88
2.402 -2.085 1.541 98 213 64
-0.107 1.137 0.869 55 113 181
-2.070 -0.144 2.582 164 15 253
-2.492 1.330 2.465 157 50 157
-0.614 2.054 2.040 130 54 68
0.934 2.074 3.518 224 230 66
1.632 -2.273 2.277 145 254 45
-0.337 -1.512 2.000 127 85 134
1.510 -1.319 0.895 57 254 159
-2.207 1.103 0.390 24 24 184
-0.130 -0.606 0.990 63 110 232
1.731 -0.753 3.476 221 253 220
1.871 -1.447 0.873 55 249 143
0.673 2.052 2.794 178 206 68
2.031 0.070 1.281 81 241 254
-0.588 0.663 0.862 54 56 227
0.444 1.952 0.937 59 182 80
1.899 0.169 1.404 89 248 253
0.863 -1.004 1.043 66 224 195
0.964 0.820 2.035 129 232 214
1.054 -1.621 3.873 246 238 121
-2.616 -0.435 3.132 199 63 243
-2.126 -2.970 3.773 240 19 1
2.220 0.483 3.190 203 229 240
1.540 -1.120 1.556 99 254 183
0.017 -1.975 3.531 225 129 77
1.116 1.568 2.577 164 242 127
-0.245 -2.531 2.083 132 96 23
-1.524 -2.604 3.262 207 0 17
-1.340 0.296 0.413 26 3 249
0.785 -1.433 0.600 38 217 145
1.317 -0.798 1.186 75 250 216
-0.806 -2.062 2.650 168 35 67
0.736 0.145 2.602 165 213 253
1.892 -1.267 1.433 91 248 165
1.254 0.530 2.478 157 248 237
1.386 -1.646 1.239 79 252 117
-2.107 1.464 3.013 192 17 141
2.367 1.626 2.311 147 216 120
1.792 -2.495 0.608 38 251 25
1.168 2.559 2.927 186 244 21
1.520 -0.653 3.227 205 254 228
0.575 -1.456 2.240 142 196 142
-2.362 1.277 0.118 7 37 164
0.940 -0.234 1.625 103 230 251
0.756 0.994 1.059 67 214 197
-0.589 -2.839 2.954 188 56 5
0.173 1.488 2.227 141 149 137
1.657 0.694 0.968 61 254 225
-0.281 0.661 0.571 36 92 228
0.339 -1.888 2.619 166 169 87
0.236 -0.124 1.429 91 157 254
-0.549 -2.535 3.081 196 60 22
-2.765 -1.310 0.729 46 80 160
1.991 -2.250 3.811 242 243 47
-0.424 -0.816 2.030 129 75 214
-0.534 -1.621 2.543 162 62 121
0.077 -0.642 3.307 210 137 229
-0.879 1.484 3.578 228 29 138
2.096 2.616 2.784 177 237 17
-1.719 -0.906 0.711 45 1 206
0.242 -2.876 1.481 94 158 4
0.228 0.214 1.145 72 156 252
0.681 2.628 3.029 193 207 16
0.749 1.141 0.172 10 214 180
-0.235 -2.589 0.061 3 97 18
-2.653 1.877 0.509 32 67 89
0.239 0.371 1.828 116 157 246
-0.298 -2.953 0.099 6 90 2
-0.465 -0.154 3.282 209 70 253
-2.957 -0.573 3.328 212 104 234
2.870 -1.209 0.204 13 161 172
2.321 2.392 2.293 146 220 34
-1.177 -1.163 3.212 204 9 178
1.596 0.231 3.452 220 254 251
1.294 -0.957 0.716 45 250 200
-2.105 -0.234 2.078 132 17 251
-1.820 1.825 0.335 21 3 95
0.190 1.124 0.439 27 151 182
-1.074 1.423 0.042 2 15 146
-2.131 2.586 2.219 141 19 19
0.433 0.586 2.422 154 180 233
-1.410 -2.695 0.745 47 1 12
-2.335 1.772 1.230 78 35 102
0.875 0.324 0.673 42 225 248
0.531 0.711 1.986 126 192 224
-2.624 1.504 1.444 92 64 135
1.350 -0.358 3.834 244 251 246
2.342 0.857 1.573 100 218 210
-2.525 0.392 3.293 209 53 245
-0.038 2.217 2.444 155 122 50
2.563 -0.291 3.212 204 197 249
0.347 -1.179 1.900 121 170 176
0.035 0.813 2.389 152 131 215
0.264 0.059 3.821 243 160 254
1.546 1.702 2.373 151 254 110
1.264 -2.884 1.954 124 249 4
-0.402 1.359 3.838 244 77 154
1.575 -1.313 3.227 205 254 159
0.752 1.999 0.378 24 214 74
-2.379 -2.155 1.278 81 39 57
-1.880 1.521 0.914 58 6 133
-2.291 2.018 2.781 177 31 72
-2.154 0.667 0.911 58 21 227
-2.463 2.832 2.999 191 47 6
-1.853 -1.283 1.023 65 5 163
-1.556 1.964 0.942 60 0 78
2.632 0.779 3.427 218 189 218
2.270 0.685 0.669 42 225 226
-0.233 0.863 1.073 68 98 210
2.815 1.248 0.043 2 168 167
-2.156 -0.560 3.228 205 21 235
-2.835 -1.406 0.840 53 89 148
-2.966 2.345 0.204 13 105 38
-2.896 1.890 1.156 73 96 87
-2.996 2.294 3.174 202 108 43
1.495 1.441 2.162 137 254 143
-2.888 -1.143 3.433 218 95 180
-1.445 -2.107 3.189 203 1 62
-1.942 0.190 3.256 207 8 252
-0.649 2.497 3.772 240 50 25
1.210 0.989 3.373 215 246 197
2.864 2.843 0.847 53 162 5
1.398 0.029 0.959 61 253 254
2.815 1.559 0.792 50 168 129
-0.225 -0.807 2.552 162 99 215
-0.466 -0.258 0.765 48 70 250
0.572 -2.468 0.885 56 196 27
2.013 -2.313 0.303 19 242 41
-0.998 -2.926 2.157 137 20 2
-1.903 1.898 2.897 184 6 86
-2.698 1.926 2.950 188 72 83
1.758 -1.134 3.609 230 252 181
0.652 1.343 3.536 225 204 156
0.807 -2.382 0.041 2 219 35
-1.900 0.282 3.488 222 6 249
1.416 0.257 1.932 123 253 250
2.118 1.667 1.261 80 236 115
-2.878 -2.354 2.846 181 94 37
-2.810 -1.553 3.055 194 86 129
0.429 -0.756 2.396 152 180 220
-1.660 -0.635 2.650 168 0 230
1.984 1.435 0.119 7 244 144
0.621 2.020 0.390 24 201 72
0.648 -1.605 0.401 25 204 123
2.704 2.305 2.403 153 181 42
-1.820 1.740 3.008 191 3 106
-1.053 -0.819 0.557 35 16 214
2.619 1.433 2.827 180 191 145
2.088 -2.971 0.027 1 238 1
-0.694 2.820 0.891 56 45 6
0.810 2.464 1.522 97 219 28
2.001 -0.665 2.663 169 243 227
1.183 1.406 3.127 199 245 148
-2.431 -0.472 0.285 18 44 241
-2.944 2.360 1.293 82 102 36
2.218 -2.450 3.982 253 229 29
1.425 -2.665 0.366 23 253 14
2.572 1.977 0.377 24 196 77
2.918 -2.244 2.894 184 155 48
0.794 -1.673 3.449 219 218 114
-1.751 -1.161 0.419 26 2 178
-2.976 1.828 3.547 226 106 95
-0.148 1.705 2.613 166 108 110
2.918 1.013 3.111 198 155 194
2.971 -2.777 3.160 201 149 8
-0.646 0.801 0.301 19 50 216
-2.106 -2.914 1.911 121 17 3
1.367 2.855 0.620 39 252 5
0.328 2.326 3.777 240 168 40
0.102 -0.510 3.087 196 140 238
1.319 -1.950 3.746 238 250 80
-2.768 1.547 0.970 61 80 130
-2.077 0.688 0.717 45 15 225
0.741 -0.396 0.822 52 213 245
-0.573 -2.651 1.890 120 58 15
1.959 -1.023 1.276 81 245 193
2.937 -0.383 2.889 184 153 245
-0.069 -1.586 1.320 84 118 125
0.360 1.259 1.238 78 172 166
0.099 0.995 0.256 16 140 196
2.165 -0.158 1.954 124 233 253
2.782 -1.656 2.949 188 172 116
1.595 1.740 0.834 53 254 106
1.507 2.071 0.770 49 254 66
1.122 -0.817 0.401 25 242 214
2.235 0.779 0.252 16 227 218
-0.371 1.494 2.159 137 81 137
0.685 -0.281 1.509 96 208 250
2.144 0.117 3.266 208 234 254
0.053 2.595 1.332 84 134 18
-1.415 1.672 1.713 109 1 114
-0.231 1.897 3.585 228 98 86
0.228 2.728 1.598 101 156 10
-0.124 2.958 1.741 111 111 2
-2.929 -2.183 2.668 170 100 54
2.288 1.305 2.814 179 223 161
-0.322 -1.473 1.921 122 87 139
2.989 1.995 1.680 107 146 75
-2.915 -0.975 2.744 174 98 199
-0.762 -1.071 3.924 250 39 188
0.752 0.687 3.564 227 214 226
-2.670 1.346 2.536 161 69 155
-1.918 -0.564 1.506 96 7 235
1.324 2.317 0.754 48 251 40
2.720 -2.174 0.961 61 179 55
-2.016 0.525 3.350 213 12 237
1.832 -2.995 1.644 104 250 1
-0.009 2.126 3.924 250 126 60
-1.199 -1.300 0.698 44 8 161
-2.217 0.621 3.683 234 25 231
-0.499 0.090 2.928 186 66 254
-2.586 -1.445 3.360 214 60 143
-1.652 -2.518 0.979 62 0 24
1.708 -2.226 1.641 104 253 49
-0.210 0.928 3.693 235 100 203
1.084 0.241 3.343 213 240 251
-1.425 1.961 3.656 233 1 78
1.265 -2.373 2.520 160 249 35
-0.627 0.060 2.217 141 52 254
0.215 1.065 2.050 130 154 189
1.200 2.958 3.091 197 246 2
1.187 -0.990 2.480 158 245 197
1.660 -2.823 3.996 254 254 6
2.145 2.323 1.380 87 234 40
2.299 -2.831 0.565 35 222 6
1.360 -0.696 0.476 30 252 225
0.474 0.603 3.253 207 185 232
1.764 0.239 1.117 71 252 251
-2.400 0.231 3.053 194 41 251
0.437 -0.912 1.927 122 181 205
-1.942 -0.197 0.486 31 8 252
-1.451 -2.107 3.166 201 0 62
-2.129 1.927 1.796 114 19 83
1.869 -0.168 0.524 33 249 253
1.116 -1.665 1.233 78 242 115
-0.973 1.046 1.679 107 22 191
0.144 0.185 0.864 55 145 252
1.211 2.706 2.748 175 246 11
0.794 -1.764 3.215 204 218 103
-1.689 -2.662 2.312 147 0 14
-1.723 0.822 3.575 227 1 214
0.780 -0.214 0.556 35 217 252
1.382 -1.273 2.763 176 252 164
1.798 -0.050 1.546 98 251 254
0.036 0.737 2.057 131 132 221
-1.677 2.157 1.227 78 0 57
1.940 1.357 3.652 232 246 154
0.025 -1.291 1.991 126 130 162
2.691 1.327 1.853 118 182 158
2.553 1.980 2.965 189 198 76
1.353 2.466 1.307 83 251 28
1.344 -1.659 2.885 183 251 116
0.874 0.681 1.300 82 225 226
-1.243 2.664 1.864 118 6 14
1.234 2.432 0.058 3 247 30
1.421 -1.030 3.309 210 253 193
-1.162 2.569 2.400 152 10 20
0.437 0.820 3.515 224 181 214
0.052 1.082 3.062 195 134 187
-0.312 2.783 2.074 132 88 8
2.919 -0.658 1.026 65 155 228
0.225 0.887 0.997 63 155 208
-1.333 -2.525 0.184 11 3 23
-0.451 -2.493 1.872 119 71 25
-2.522 -1.188 3.468 221 53 175
1.864 -2.616 3.994 254 249 17
-1.955 2.115 0.926 59 9 61
-1.204 -2.528 2.242 142 8 23
-1.252 0.384 0.520 33 6 245
-1.911 0.356 1.954 124 7 247
2.114 -0.068 1.849 117 236 254
-2.942 0.973 3.105 197 102 199
-0.671 -1.850 2.907 185 48 92
1.027 1.767 2.346 149 236 102
0.960 -1.567 3.185 203 231 127
-0.427 1.400 0.908 57 74 149
0.156 -1.484 0.578 36 147 138
-2.189 0.784 3.511 223 23 217
-2.983 -1.574 0.123 7 107 127
1.511 -2.489 3.099 197 254 26
1.353 1.410 2.150 137 251 147
0.671 -1.594 1.100 70 206 124
-0.983 2.623 3.383 215 21 16
1.570 1.513 1.221 77 254 134
0.206 -0.224 0.232 14 153 251
2.360 -0.713 2.290 145 217 223
1.589 -1.804 0.225 14 254 98
1.284 -2.377 2.810 179 249 35
-1.203 -1.336 1.525 97 8 157
-2.735 -0.419 0.045 2 77 243
-2.954 0.731 2.280 145 103 222
-2.157 2.093 2.352 149 21 63
-1.806 -1.731 3.868 246 3 107
-0.533 0.015 1.614 102 62 254
2.390 2.376 0.272 17 214 35
-0.197 1.807 0.190 12 102 97
0.813 0.797 1.880 119 220 216
1.214 -2.439 2.051 130 246 30
-0.058 0.717 0.479 30 120 223
-0.066 -0.486 2.454 156 119 240
0.984 2.807 1.665 106 233 7
0.642 1.121 0.060 3 203 182
2.832 2.933 2.289 145 166 2
2.081 2.728 3.156 201 238 10
0.857 -2.792 1.512 96 223 7
-0.720 -1.211 1.908 121 43 172
-0.581 2.065 3.979 253 57 66
1.299 2.994 3.863 246 250 1
2.035 0.641 0.283 18 241 229
0.376 0.979 0.737 46 174 198
-0.260 -0.589 3.427 218 94 233
2.475 2.290 0.173 10 206 43
-2.250 -2.921 0.275 17 28 3
-0.941 1.902 2.904 185 24 86
0.869 1.229 2.831 180 224 170
1.286 -1.609 0.444 28 249 122
-1.662 1.487 3.783 241 0 138
-0.372 2.773 0.739 47 81 8
1.937 1.424 2.486 158 246 146
0.539 -2.045 2.957 188 192 69
-0.193 2.755 0.244 15 103 9
0.317 -2.346 0.148 9 167 38
-0.472 -1.982 0.035 2 69 76
0.771 0.716 3.460 220 216 223
-2.177 0.012 1.177 75 22 254
0.030 1.676 2.221 141 131 114
2.619 -1.981 1.991 126 191 76
-0.104 0.672 0.281 17 114 227
-0.319 -1.911 1.065 67 87 85
-0.778 0.323 0.153 9 38 248
-1.060 -2.501 0.513 32 16 25
2.551 0.763 0.646 41 198 219
-0.739 -2.279 0.480 30 41 44
-2.387 2.855 3.056 194 40 5
-0.837 1.283 3.809 242 32 163
1.255 -1.360 3.284 209 248 154
-0.847 0.493 1.731 110 31 239
-0.403 -2.988 2.542 162 77 1
1.571 0.334 1.229 78 254 247
-0.763 2.494 3.743 238 39 25
-1.541 1.195 0.222 14 0 174
2.572 1.173 0.716 45 196 176
1.402 -2.509 0.162 10 253 24
2.337 0.855 0.160 10 219 211
-1.013 0.909 0.402 25 19 205
-2.659 -2.067 3.602 229 68 66
1.843 -1.151 3.162 201 250 179
0.090 0.965 1.704 108 138 200
-2.351 -1.685 0.579 36 36 112
-1.473 0.371 3.108 198 0 246
-2.262 0.213 3.335 212 29 252
-0.521 -1.176 3.630 231 63 176
-1.618 2.821 3.205 204 0 6
-1.303 -1.547 0.477 30 4 130
-1.595 1.636 3.518 224 0 119
-1.408 -0.136 0.207 13 1 253
-0.612 -0.900 3.325 211 54 206
2.951 1.265 0.057 3 151 165
1.955 -0.243 3.397 216 245 251
0.301 2.424 2.923 186 165 31
-2.135 -0.278 2.865 182 19 250
-2.304 -2.318 2.254 143 32 40
1.575 1.133 0.356 22 254 181
-1.707 -1.600 2.968 189 1 123
0.875 -2.145 3.186 203 225 58
2.589 -2.879 1.122 71 194 4
-0.187 2.833 3.856 245 103 6
-0.207 2.753 3.411 217 101 9
1.755 -2.825 3.259 207 252 6
1.975 2.292 0.411 26 244 43
-1.809 -0.072 0.724 46 3 254
1.640 2.482 3.051 194 254 26
1.974 -2.748 2.736 174 244 9
2.924 -1.777 3.433 218 155 101
-1.690 -1.412 3.270 208 0 147
-2.071 -1.374 1.254 79 15 152
-0.767 2.888 3.723 237 38 4
1.064 0.047 0.145 9 238 254
-0.315 -2.022 1.456 92 87 71
2.626 -1.618 1.821 116 190 121
1.549 0.421 2.065 131 254 243
0.803 2.136 2.370 151 219 59
-2.617 1.913 1.520 96 63 84
-0.964 -2.809 3.900 248 22 6
2.611 2.191 1.603 102 192 53
-2.324 0.689 3.377 215 34 225
-0.360 -1.083 0.045 2 82 187
1.874 -0.421 0.187 11 249 243
-0.561 1.856 3.547 226 59 91
-0.517 1.003 2.432 155 64 196
0.032 1.333 3.829 244 131 157
-1.845 1.947 2.582 164 4 80
-0.375 -2.015 1.605 102 80 72
2.804 2.320 1.099 70 169 40
0.339 0.519 1.420 90 169 238
-1.850 1.850 1.739 110 4 92
0.295 2.950 0.307 19 164 2
2.536 0.481 0.373 23 200 240
1.264 0.937 2.391 152 249 202
-2.937 -0.336 0.597 38 101 247
2.737 1.156 2.128 135 177 178
2.761 1.403 3.640 232 174 148
0.049 -2.964 1.594 101 133 2
1.364 0.614 1.584 100 252 231
2.551 2.013 1.104 70 198 72
-1.759 -2.020 2.813 179 2 72
-2.484 1.595 2.236 142 49 124
-2.294 -2.713 1.288 82 31 11
-0.046 0.102 2.727 173 121 254
1.355 -0.098 3.918 249 252 254
-2.657 -1.636 2.409 153 68 119
-1.048 0.904 2.875 183 17 206
0.128 -1.068 0.633 40 143 188
1.126 -1.508 1.124 71 242 135
2.031 -1.879 3.605 229 241 88
1.067 -1.328 3.115 198 239 158
-2.857 -2.765 3.460 220 91 8
-1.662 1.217 1.936 123 0 171
0.669 -0.738 2.975 189 206 221
-1.465 -0.493 3.003 191 0 239
2.772 0.243 0.716 45 173 251
-0.330 -0.867 0.439 28 86 210
1.831 -2.793 2.695 171 250 7
-0.288 1.312 0.862 54 91 160
1.396 -0.908 3.770 240 253 205
0.404 0.178 1.716 109 177 252
-0.106 2.201 3.111 198 114 52
0.035 0.214 0.058 3 131 252
2.234 -0.015 0.662 42 227 254
1.563 0.473 3.784 241 254 240
0.762 1.294 3.869 246 215 162
-0.622 1.504 0.840 53 53 136
-0.171 0.577 3.770 240 105 234
2.502 1.083 0.335 21 203 187
-2.902 -2.346 0.945 60 97 38
1.016 0.754 2.022 128 235 220
-1.953 -1.850 1.116 71 9 92
-2.442 0.355 2.293 146 45 247
-0.958 -2.982 1.604 102 23 1
-0.483 1.649 0.323 20 68 117
-2.639 -2.997 0.496 31 66 1
-0.822 -2.896 2.911 185 34 3
-1.077 1.231 0.488 31 15 170
1.789 2.785 2.079 132 251 8
-0.589 -0.542 3.069 195 56 236
0.916 0.427 2.438 155 228 243
-2.277 -0.574 2.243 143 30 234
-0.119 1.430 3.667 233 112 145
-2.360 0.764 1.712 109 37 219
-1.437 0.002 3.942 251 1 254
0.446 2.278 3.710 236 182 44
-1.093 0.252 1.066 67 14 250
-1.273 2.830 1.858 118 5 6
-0.604 -1.005 2.344 149 55 195
-0.950 1.868 0.762 48 23 90
-0.101 2.063 1.168 74 114 67
-0.141 -1.495 0.729 46 109 137
2.759 -1.311 2.384 152 175 160
0.421 -2.624 1.991 126 179 16
0.042 1.340 2.394 152 132 156
-0.010 2.207 3.257 207 126 51
-1.278 -0.020 2.277 145 5 254
2.351 2.363 3.308 210 218 36
-0.015 -2.670 2.726 173 125 13
-1.171 -1.815 2.168 138 10 96
2.531 -1.615 0.184 11 200 121
1.198 1.217 1.530 97 246 171
0.351 -1.718 1.967 125 171 108
1.149 2.803 2.406 153 243 7
0.741 -0.969 3.835 244 213 199
2.344 0.412 0.389 24 218 244
-1.520 0.262 0.500 31 0 250
0.620 -0.770 2.291 146 201 218
-0.617 -2.349 3.289 209 53 38
-1.214 -1.347 0.303 19 8 155
0.463 1.268 1.505 95 184 165
-0.785 -0.136 2.928 186 37 253
2.196 -1.044 3.945 251 230 191
-1.360 -0.622 3.486 222 2 231
1.026 -2.209 3.411 217 236 51
1.858 -1.337 2.648 168 249 157
0.792 -2.146 3.023 192 218 58
-2.759 -2.366 2.313 147 79 36
2.128 -0.869 3.006 191 235 209
-1.279 0.986 2.903 185 5 197
-2.965 -1.378 2.922 186 105 151
2.049 1.255 1.386 88 240 167
1.655 2.305 2.776 176 254 42
1.918 -2.522 1.671 106 247 23
-2.038 -0.682 0.700 44 13 226
-2.381 2.328 3.981 253 39 39
-2.883 0.364 3.773 240 94 246
2.265 -1.176 0.828 52 225 176
0.689 2.401 1.171 74 208 33
0.589 0.463 3.822 243 198 241
-0.376 1.871 3.868 246 80 89
1.750 -1.505 1.737 110 252 135
-1.544 2.412 2.776 176 0 32
0.901 1.831 0.736 46 227 94
1.428 2.309 3.749 238 253 41
1.143 -0.588 0.568 36 243 233
-1.404 1.758 2.050 130 1 103
2.544 -2.304 2.990 190 199 42
-0.979 1.247 0.991 63 21 168
-0.796 -1.587 2.924 186 36 125
2.806 0.749 0.463 29 169 220
0.442 -1.193 0.038 2 182 174
-0.767 -1.948 2.273 144 39 80
1.096 2.960 2.140 136 240 2
0.462 2.842 2.637 168 184 5
-0.004 -1.527 2.912 185 126 133
-1.117 -0.641 0.769 49 12 229
-0.811 0.142 0.735 46 35 253
-0.908 -2.910 1.094 69 27 3
-0.576 0.696 3.416 217 58 225
-0.006 0.949 0.416 26 126 201
1.399 2.365 2.219 141 253 36
-1.842 0.970 1.113 70 4 199
2.843 -0.112 3.985 254 164 254
-1.941 -1.031 1.124 71 8 193
-0.754 2.602 3.465 220 40 18
1.697 0.903 0.857 54 253 206
-0.282 -1.800 0.063 4 92 98
-2.905 2.870 2.830 180 97 4
0.316 1.014 3.868 246 167 194
0.557 2.926 2.116 134 194 2
1.518 1.632 1.616 103 254 119
-0.883 2.031 2.211 140 28 70
1.368 -0.044 0.261 16 252 254
1.900 0.228 0.338 21 248 251
-2.727 -2.702 3.060 195 76 12
-1.006 0.851 1.531 97 19 211
-2.375 1.700 2.483 158 39 111
-0.397 0.218 2.856 182 78 251
0.253 0.512 3.424 218 159 238
1.959 -0.344 0.145 9 245 247
-2.145 2.193 0.459 29 20 53
-1.617 -1.783 0.049 3 0 100
1.491 2.926 2.972 189 254 2
2.407 -2.024 0.047 3 212 71
-0.124 2.710 1.119 71 111 11
0.604 -1.291 1.708 108 199 162
-1.424 1.001 0.964 61 1 196
1.106 -1.387 2.161 137 241 150
0.379 0.642 0.954 60 174 229
2.057 0.137 1.470 93 240 253
1.768 -1.400 2.662 169 252 149
-2.711 0.191 0.010 0 74 252
2.483 -0.838 0.271 17 205 212
-0.239 0.472 2.230 142 97 241
-2.167 -2.820 2.591 165 21 6
0.966 1.089 2.200 140 232 186
-2.258 1.852 1.168 74 28 92
2.237 -2.451 0.684 43 227 29
-2.992 0.092 2.359 150 108 254
2.226 0.365 2.214 141 228 246
-0.629 0.197 0.606 38 52 252
-1.304 -0.017 2.742 174 4 254
1.204 1.338 1.025 65 246 156
0.939 0.339 1.294 82 230 247
2.317 1.465 2.716 173 221 140
-0.428 2.119 0.851 54 74 60
2.340 1.927 2.608 166 219 83
1.526 1.758 2.480 158 254 103
0.240 -2.702 0.615 39 157 12
-2.659 2.318 1.828 116 68 40
1.388 1.694 3.378 215 252 111
2.217 -0.168 3.784 241 229 253
2.627 -1.727 1.049 66 190 107
-2.174 -2.617 1.564 99 22 17
-2.138 -0.597 2.528 161 19 232
2.278 -2.489 0.623 39 224 26
-2.208 2.917 0.778 49 25 3
-0.942 2.996 3.859 246 24 1
-1.154 -0.758 2.073 132 10 220
1.711 0.471 1.828 116 253 241
-0.437 0.110 0.387 24 73 254
1.208 2.195 1.924 122 246 52
0.653 0.581 1.875 119 204 234
-1.925 -2.221 1.276 81 7 50
-2.815 1.338 2.472 157 86 156
-2.233 -2.506 2.817 179 26 24
1.327 0.681 3.506 223 251 226
-0.231 1.085 0.883 56 98 187
2.830 1.646 3.614 230 166 117
-1.857 -2.352 3.308 210 5 37
-0.331 -1.397 0.543 34 86 149
-2.323 2.262 0.825 52 34 46
-2.905 0.187 1.974 125 97 252
1.675 2.255 3.091 197 254 46
2.526 -0.300 0.184 11 201 249
1.273 0.626 2.375 151 249 230
0.475 0.810 2.708 172 185 215
-1.085 0.855 2.285 145 14 211
-2.303 -1.678 1.536 97 32 113
-1.404 -1.484 3.633 231 1 138
2.474 0.298 3.410 217 206 249
1.460 -2.116 2.227 142 254 61
0.853 -2.181 2.668 170 223 54
2.770 2.560 2.790 177 173 20
2.002 2.183 0.481 30 243 54
0.185 1.960 3.272 208 150 79
0.360 -1.610 0.071 4 172 122
-0.149 1.143 1.792 114 108 180
0.828 1.651 1.697 108 221 117
1.094 -0.004 2.413 153 240 254
2.812 0.495 2.906 185 168 239
0.956 -2.200 1.749 111 231 52
-0.369 -0.294 0.416 26 81 249
1.901 -1.039 0.907 57 248 192
-2.074 -0.227 2.152 137 15 251
-2.486 0.322 1.572 100 49 248
0.457 2.392 2.582 164 183 34
-1.403 2.034 3.766 240 1 70
-2.002 0.777 3.775 240 11 218
-2.919 -2.672 2.135 136 99 13
1.377 0.462 0.868 55 252 241
1.150 -2.989 3.003 191 243 1
2.682 2.977 3.273 208 184 1
-1.450 -1.767 2.773 176 0 102
-1.867 -2.058 0.977 62 5 67
0.746 -1.499 2.107 134 214 136
0.304 -1.116 2.541 161 165 183
1.428 2.892 2.412 153 253 3
1.437 -2.431 0.836 53 253 30
2.027 -1.765 3.486 222 241 102
-2.337 1.711 1.569 100 35 109
-0.472 1.616 0.520 33 69 121
2.024 2.029 2.192 139 242 71
-1.051 1.471 1.936 123 16 140
0.623 1.607 3.592 228 201 122
0.563 -2.640 0.529 33 195 15
2.072 2.081 3.030 193 239 65
2.440 1.842 0.764 48 209 93
-2.478 2.221 3.012 191 48 50
1.122 0.759 3.145 200 242 219
1.010 -2.292 0.781 49 235 43
2.293 -1.949 3.423 218 223 80
-0.348 -0.346 0.463 29 83 247
-0.694 -0.381 2.113 134 45 245
-0.825 -1.736 1.091 69 33 106
0.559 1.325 3.791 241 195 158
-2.715 2.462 2.762 176 74 28
2.971 -0.337 3.358 214 149 247
0.788 2.978 2.411 153 217 1
1.865 -2.843 1.299 82 249 5
2.150 -2.307 1.309 83 234 41
-2.268 2.141 3.995 254 29 58
-2.981 0.524 3.963 252 107 237
-1.556 0.644 2.761 176 0 229
-2.407 2.391 3.415 217 41 34
0.434 2.182 1.265 80 181 54
2.171 -0.503 0.802 51 232 239
1.383 0.240 3.760 239 252 251
0.885 2.971 2.673 170 226 1
0.053 -1.467 0.509 32 134 140
-0.474 -1.360 1.151 73 69 154
1.181 -0.464 1.240 79 245 241
-2.555 -1.547 2.097 133 56 130
1.870 -0.327 3.803 242 249 248
-2.350 -0.361 3.479 221 36 246
-2.795 1.495 0.097 6 84 137
-1.467 -2.119 1.280 81 0 61
1.211 2.455 0.578 36 246 28
1.419 -1.413 3.804 242 253 147
2.517 -0.952 0.995 63 202 201
-0.646 -0.174 2.427 154 50 253
-0.424 -0.964 2.729 173 75 200
2.394 2.598 3.696 235 214 18
-1.373 0.747 3.932 250 2 221
0.582 1.201 2.598 165 197 173
-1.911 -1.158 2.875 183 7 178
0.344 -2.853 0.447 28 170 5
2.097 -2.404 1.630 103 237 33
0.564 1.696 0.421 26 195 111
-1.673 0.240 3.631 231 0 251
1.966 1.194 1.172 74 245 174
-2.856 0.781 3.995 254 91 218
0.636 2.317 1.071 68 203 40
2.638 -2.755 0.069 4 189 9
-1.268 -1.155 1.391 88 5 179
-2.711 -2.149 0.477 30 74 57
1.006 -0.658 2.416 154 235 228
-2.508 0.386 0.510 32 52 245
-0.590 -1.319 1.050 66 56 159
0.471 0.963 2.285 145 185 200
-0.247 2.409 1.542 98 96 32
2.789 -0.503 3.256 207 171 239
0.603 -1.953 1.858 118 199 79
0.907 2.371 0.799 50 227 36
-0.319 -2.411 0.790 50 87 32
-2.121 -0.730 3.498 223 18 222
-2.094 2.392 2.730 174 17 34
-1.336 -1.742 1.769 112 3 105
2.551 0.398 0.736 46 198 245
1.385 -2.926 0.911 58 252 2
-0.071 0.576 2.911 185 118 234
0.111 0.913 2.821 179 141 205
-2.671 -1.231 1.467 93 69 169
-1.006 -2.470 2.987 190 19 27
1.516 -1.592 3.705 236 254 124
1.547 2.333 1.420 90 254 39
1.453 -0.512 0.776 49 254 238
-2.620 -2.018 0.155 9 63 72
1.621 -2.991 1.238 78 254 1
-2.516 2.652 0.243 15 52 14
2.289 2.362 3.681 234 223 36
1.688 -2.979 0.730 46 254 1
-0.439 -1.174 1.428 91 73 176
1.638 2.187 2.721 173 254 53
-0.296 0.664 1.112 70 90 227
2.915 -2.771 0.159 10 156 8
-1.992 -2.366 1.790 114 11 36
2.161 -1.860 0.108 6 233 91
0.875 -2.355 1.716 109 225 37
1.507 -0.872 3.447 219 254 209
-0.491 1.982 3.023 192 67 76
2.106 -1.997 1.180 75 237 74
1.105 1.019 2.622 167 241 194
-0.054 1.619 2.369 151 120 121
1.334 2.568 3.578 228 251 20
-0.359 2.445 0.779 49 82 29
0.819 0.269 2.335 148 220 250
-1.288 -2.804 0.027 1 5 7
-2.094 -2.272 0.474 30 17 45
-1.011 -2.196 3.945 251 19 52
2.593 -0.638 3.335 212 194 229
0.798 -1.291 2.976 189 218 162
1.052 -1.651 1.086 69 238 117
1.903 -2.869 1.971 125 248 4
-0.242 -1.507 1.797 114 96 135
-0.902 -0.109 2.560 163 27 254
-1.422 1.784 2.757 175 1 100
-0.231 1.881 2.221 141 98 88
0.311 -1.652 3.019 192 166 117
2.168 0.517 2.934 187 232 238
2.507 0.951 0.566 36 203 201
0.722 2.849 3.711 236 211 5
1.823 2.223 3.606 229 250 50
2.528 2.721 1.879 119 200 11
-1.561 1.566 1.362 86 0 128
-1.321 0.003 0.047 2 3 254
0.091 1.292 1.544 98 139 162
0.278 1.642 2.586 164 162 118
-2.769 -1.015 2.907 185 81 194
1.056 -0.055 3.595 229 238 254
-2.839 1.652 3.451 220 89 117
1.174 -2.387 1.268 80 245 34
-1.291 1.518 3.722 237 4 134
-2.477 2.569 0.654 41 48 20
1.956 2.236 2.309 147 245 48
0.190 2.402 1.628 103 151 33
-2.236 -0.319 3.380 215 27 248
2.050 2.942 3.850 245 240 2
0.043 -1.786 1.248 79 133 100
1.821 -0.944 2.504 159 251 202
1.176 -0.070 0.869 55 245 254
-0.957 1.953 0.752 47 23 79
1.174 -1.742 0.701 44 245 105
-1.267 -2.330 0.665 42 5 39
-2.771 -2.957 1.713 109 81 2
-0.910 -2.693 0.580 36 26 12
-2.377 -1.209 1.343 85 39 172
-1.315 -1.934 2.824 180 4 82
-1.233 1.782 1.025 65 7 100
-0.058 1.672 0.642 40 120 114
-1.764 2.491 1.566 99 2 26
1.642 -2.471 1.378 87 254 27
-2.303 -1.215 3.547 226 32 171
-0.989 -1.913 3.625 231 20 84
0.011 2.806 3.963 252 128 7
-0.313 -0.554 1.552 98 88 235
-1.327 -0.420 3.868 246 3 243
-0.645 -1.032 2.787 177 50 192
1.243 1.413 0.555 35 248 147
-2.926 2.082 3.130 199 100 65
1.437 1.352 3.380 215 253 155
-0.240 -0.266 0.814 51 97 250
-2.335 -2.671 2.073 132 35 13
-1.180 -0.765 2.847 181 9 219
-2.727 -2.412 3.455 220 76 32
-0.784 -0.814 3.078 196 37 214
-2.563 0.777 3.732 237 57 218
1.592 -0.087 3.089 196 254 254
1.870 1.841 2.647 168 249 93
2.287 0.484 2.365 150 223 240
2.266 -0.799 0.882 56 225 216
-2.963 0.147 2.688 171 104 253
1.949 2.394 2.790 177 245 33
-2.899 0.221 0.251 15 96 251
1.288 1.729 1.736 110 249 107
2.597 -1.934 0.784 49 193 82
-2.758 0.824 3.415 217 79 214
-2.041 -2.625 3.252 207 13 16
-1.664 0.691 0.311 19 0 225
-2.315 1.775 0.095 6 33 101
2.864 1.893 0.405 25 162 87
-2.822 0.905 3.960 252 87 206
-2.189 -1.018 2.008 128 23 194
2.043 2.278 3.530 225 241 44
-2.026 2.065 0.337 21 12 67
-0.411 -2.989 2.176 138 76 1
-0.974 -2.141 3.214 204 22 58
0.547 0.155 2.382 151 193 253
-2.419 2.279 0.755 48 43 44
-1.923 0.389 0.254 16 7 245
-2.613 1.537 0.976 62 63 131
-2.491 0.499 1.608 102 50 239
-1.510 2.686 3.896 248 0 13
0.435 -1.439 1.194 76 181 144
-1.804 -0.172 1.162 74 3 253
-1.311 -1.222 3.497 222 4 171
-1.688 -0.945 1.588 101 0 202
2.927 2.917 0.093 5 154 3
-1.382 0.674 2.502 159 2 227
-2.519 1.568 2.425 154 53 127
-0.145 -2.159 2.014 128 109 56
-0.333 -2.921 0.123 7 85 3
-1.006 -0.011 0.522 33 19 254
0.384 -0.649 0.022 1 175 229
-1.908 0.844 1.600 101 7 212
-0.194 1.241 1.454 92 102 168
0.576 -1.702 3.725 237 196 110
2.933 -0.835 1.984 126 153 213
-0.101 1.150 2.963 188 114 179
-0.821 -1.996 2.305 146 34 74
-2.559 -2.969 3.740 238 57 1
-1.292 1.017 0.226 14 4 194
1.354 1.856 0.543 34 252 91
-1.548 -2.718 2.903 185 0 11
2.539 -1.256 2.626 167 199 166
1.065 1.562 1.560 99 239 128
-2.854 1.214 2.194 139 91 172
-0.963 2.214 0.874 55 22 51
1.226 -2.001 3.968 252 247 74
-0.534 1.508 3.399 216 62 135
0.742 1.708 0.443 28 213 110
-0.326 0.482 0.352 22 86 240
2.078 2.938 3.151 200 238 2
1.417 -0.429 1.149 73 253 243
-2.281 -0.916 3.301 210 30 205
1.009 1.683 3.108 198 235 113
2.972 0.556 1.868 119 149 235
0.408 2.072 0.184 11 178 66
-0.861 -1.348 3.043 193 30 155
-1.755 -1.480 1.819 115 2 139
2.628 0.972 0.949 60 190 199
0.935 1.458 0.234 14 230 141
0.861 1.286 2.084 132 224 163
-2.268 -0.787 2.466 157 29 217
-2.533 2.844 3.948 251 54 5
-1.661 -1.969 0.144 9 0 78
-2.492 0.191 0.441 28 50 252
0.231 2.423 1.565 99 156 31
0.383 -0.289 3.021 192 175 249
-2.879 2.150 0.779 49 94 57
-2.847 -0.332 3.001 191 90 248
-1.513 -2.701 3.215 204 0 12
-2.576 2.556 1.379 87 59 21
-2.771 -0.580 0.643 41 81 234
1.341 0.996 0.712 45 251 196
2.338 -2.723 0.659 41 219 11
2.984 -1.732 0.255 16 147 107
-1.582 -2.734 2.795 178 0 10
-0.408 -2.177 0.381 24 76 54
0.886 -1.899 3.580 228 226 86
-1.469 -0.503 3.870 246 0 239
-1.997 -0.361 1.764 112 11 246
2.033 2.971 3.731 237 241 1
0.529 2.908 3.646 232 191 3
-0.367 -2.929 0.387 24 81 2
1.145 1.365 0.547 34 243 153
-2.743 2.643 1.461 93 78 15
0.334 -2.911 2.417 154 169 3
-2.402 -0.943 2.186 139 41 202
-0.296 0.320 2.292 146 90 248
-0.845 2.840 0.218 13 32 5
-2.281 0.351 0.564 35 30 247
2.532 -1.279 2.043 130 200 164
-2.948 -2.891 1.532 97 102 3
-0.683 1.735 2.022 128 47 106
-2.639 -1.937 3.632 231 66 81
-1.153 -0.068 1.794 114 10 254
0.715 -0.016 2.081 132 211 254
-2.271 0.079 3.951 251 30 254
0.708 -2.738 1.406 89 210 10
-1.875 -0.246 2.418 154 5 251
0.240 0.820 3.275 208 157 214
-0.862 2.909 0.508 32 30 3
0.778 -1.869 1.159 73 216 90
-2.835 1.185 3.407 217 88 175
-2.705 -0.259 2.937 187 73 250
1.920 1.512 3.492 222 247 135
1.869 -1.607 0.812 51 249 122
-2.139 -2.413 2.644 168 20 32
0.482 -1.464 2.715 173 186 141
0.197 1.752 0.360 22 152 104
2.780 2.191 1.178 75 172 53
1.161 -1.530 0.840 53 244 132
0.151 2.260 3.273 208 146 46
-2.473 -1.020 1.484 94 48 194
2.192 1.564 1.903 121 231 128
-1.919 -2.916 3.590 228 7 3
-0.011 -1.454 0.709 45 126 142
-2.896 0.226 2.903 185 96 251
-1.600 0.771 2.508 159 0 218
-1.117 1.292 2.291 146 12 162
1.586 -2.894 0.043 2 254 3
2.355 -1.895 1.860 118 217 86
1.283 -0.812 1.954 124 249 215
-1.792 2.790 1.218 77 3 7
0.526 -2.541 3.674 234 191 22
0.953 -1.839 1.088 69 231 93
-1.605 2.595 2.042 130 0 18
0.748 1.542 3.720 237 214 131
-1.077 2.666 0.419 26 15 14
0.584 1.562 0.448 28 197 128
-0.882 1.700 3.170 202 29 111
-0.927 2.513 3.959 252 25 24
-2.869 -1.502 3.532 225 93 136
-1.418 1.946 1.245 79 1 80
1.745 -1.236 1.432 91 253 169
1.433 -2.321 3.705 236 253 40
2.362 -0.650 1.561 99 217 229
-2.677 -2.483 3.765 239 70 26
-0.640 -2.412 0.399 25 51 32
-0.781 1.908 1.602 102 37 85
0.816 1.653 2.443 155 220 117
-0.337 0.582 0.076 4 85 234
-0.142 1.773 1.057 67 109 101
2.923 -2.093 3.676 234 155 63
1.789 1.163 2.047 130 251 178
1.244 0.880 1.580 100 248 208
-0.897 -2.228 1.862 118 27 49
-2.876 -0.457 0.439 27 93 241
1.948 -0.385 0.621 39 246 245
2.788 1.368 2.624 167 171 153
2.947 1.205 0.647 41 152 173
2.394 1.493 2.770 176 214 137
1.383 0.593 3.712 236 252 233
1.877 -2.583 0.523 33 249 19
-2.880 -2.789 2.885 183 94 7
-2.048 -0.612 2.316 147 14 231
2.963 1.103 2.954 188 150 184
-0.431 -0.626 0.501 31 74 230
1.687 0.451 0.820 52 254 242
2.458 2.821 2.315 147 208 6
-2.671 2.702 2.690 171 69 12
1.833 2.888 0.452 28 250 4
2.713 -2.034 2.920 186 180 70
1.870 -1.798 0.973 62 249 98
1.675 -2.205 1.966 125 254 52
-0.236 2.837 3.366 214 97 5
-1.918 0.870 1.942 123 7 209
1.333 2.622 1.555 99 251 16
2.525 0.255 1.438 91 201 250
2.954 0.468 3.060 195 151 241
-0.849 1.640 1.661 105 31 118
0.517 -2.973 3.075 196 190 1
-1.011 -2.666 1.830 116 19 14
1.006 -1.731 1.295 82 235 107
-2.050 0.592 3.402 216 14 233
-0.305 0.842 2.534 161 89 212
-2.654 -1.278 0.790 50 67 164
-0.878 0.320 0.155 9 29 248
-0.903 1.731 2.457 156 27 107
-2.292 1.050 0.783 49 31 190
-2.692 -2.855 3.226 205 72 5
2.790 -1.640 0.385 24 171 118
-2.299 2.941 1.507 96 32 2
1.544 2.109 3.145 200 254 62
-0.855 -0.101 3.391 216 31 254
-0.534 -0.088 1.942 123 62 254
-1.698 -1.842 1.190 75 1 93
-2.444 0.477 3.554 226 45 240
-1.650 0.752 3.086 196 0 220
-0.566 2.405 1.111 70 59 33
-1.943 0.030 3.569 227 8 254
2.058 -0.945 0.945 60 240 202
0.284 -2.834 1.586 101 163 5
-1.185 2.920 0.592 37 9 3
-1.944 -1.005 0.747 47 8 195
0.062 -2.688 2.511 160 135 12
-2.746 -1.933 1.712 109 78 82
2.251 1.231 3.628 231 226 170
2.764 1.946 0.018 1 174 80
-0.129 0.127 1.384 88 111 253
-0.828 -2.519 1.583 100 33 23
2.853 -2.047 1.597 101 163 69
-2.556 -1.338 0.657 41 57 156
-1.319 -1.480 3.474 221 4 139
2.056 1.455 1.810 115 240 142
2.693 2.583 3.169 201 182 19
-1.942 2.321 3.427 218 8 40
-0.762 -0.372 1.347 85 39 246
-1.740 -1.838 2.544 162 1 93
1.538 -2.377 1.638 104 254 35
-0.903 -1.640 0.741 47 27 118
-0.307 -0.665 0.458 29 89 227
-1.159 -0.372 1.574 100 10 246
0.679 -1.879 2.640 168 207 88
0.431 -0.249 3.054 194 180 251
-1.713 -2.534 2.691 171 1 22
2.711 -1.663 3.803 242 180 115
1.073 1.330 3.374 215 239 157
-2.185 -0.843 2.897 184 23 212
-2.723 -2.325 1.762 112 75 40
0.472 -0.059 3.332 212 185 254
2.764 -0.568 0.899 57 174 234
1.936 1.493 3.526 224 246 137
-0.743 1.874 0.421 26 41 89
2.208 0.504 0.246 15 229 239
1.744 2.072 2.814 179 253 66
-2.342 2.715 2.543 162 36 11
0.522 0.662 2.932 186 191 228
1.464 -0.674 1.212 77 254 227
-2.143 0.776 0.005 0 20 218
2.913 -0.502 1.088 69 156 239
2.337 -0.427 0.306 19 219 243
-2.524 0.557 0.462 29 53 235
-1.452 2.917 2.834 180 0 3
-0.213 0.689 3.006 191 100 225
1.710 -0.285 0.082 5 253 249
-1.423 2.567 2.809 179 1 20
0.125 -2.866 3.585 228 143 4
-0.150 -0.952 2.438 155 108 201
1.886 -2.155 3.119 198 248 57
1.958 1.951 0.113 7 245 80
-1.421 -2.065 3.008 191 1 66
-2.654 0.698 2.209 140 67 225
-1.106 -1.547 3.128 199 13 130
1.906 1.449 1.437 91 247 142
2.996 2.205 2.861 182 145 51
-2.060 2.668 1.251 79 14 14
0.189 -1.625 0.762 48 151 120
-0.993 2.118 0.980 62 20 61
-2.887 -2.774 3.606 229 95 8
2.665 -0.330 2.433 155 185 248
2.566 0.122 0.632 40 196 254
0.885 2.098 3.812 243 226 63
0.454 -2.534 3.428 218 183 22
2.838 -1.751 2.004 127 165 104
0.511 1.623 3.888 247 189 120
-2.366 -2.731 3.655 233 38 10
-0.781 1.699 2.803 178 37 111
-2.566 0.789 1.855 118 58 217
0.356 -1.044 1.596 101 171 191
-1.202 2.053 3.691 235 8 68
-2.156 2.007 0.907 57 21 73
-0.449 -0.276 2.762 176 72 250
-0.934 -1.589 2.484 158 25 125
-0.761 -0.912 2.639 168 39 205
-2.139 -0.964 3.800 242 20 200
-1.338 0.335 2.603 165 3 247
2.925 -0.961 0.736 46 154 200
-1.891 2.651 1.890 120 6 15
1.817 2.296 0.556 35 251 42
1.921 1.711 1.642 104 247 109
-1.394 1.357 0.658 41 1 154
-2.516 -0.405 2.524 160 52 244
-0.153 -0.935 0.404 25 108 203
-0.401 2.745 0.904 57 77 9
-1.374 2.969 3.157 201 2 1
-2.624 -2.911 1.346 85 64 3
-0.071 1.957 3.866 246 118 79
0.706 -2.488 3.891 248 210 26
0.272 -0.880 0.847 53 161 208
1.375 0.494 3.271 208 252 239
-1.020 1.579 2.539 161 18 126
-1.893 2.564 3.153 201 6 20
0.547 0.784 3.354 213 193 217
-0.306 -0.296 2.946 187 89 249
-2.774 -2.731 1.625 103 81 10
0.139 2.637 0.722 46 145 15
-1.229 -2.188 2.298 146 7 53
1.862 -2.882 1.258 80 249 4
0.454 -1.724 1.347 85 183 108
1.449 -0.875 0.127 8 254 209
2.874 -1.100 1.178 75 161 185
-0.582 -0.252 0.857 54 57 250
-2.102 0.870 3.976 253 17 209
1.415 2.227 1.599 101 253 49
-2.286 -1.856 2.917 185 31 91
-1.365 2.845 1.748 111 2 5
2.413 1.265 0.832 53 212 165
-1.799 -2.432 1.835 116 3 30
-0.981 -1.835 3.381 215 21 94
1.463 -2.206 0.051 3 254 51
1.858 1.785 3.505 223 249 100
1.341 -0.380 3.942 251 251 245
2.978 2.068 3.610 230 148 66
1.878 0.047 3.930 250 249 254
0.045 0.901 3.399 216 133 206
1.426 -0.096 2.770 176 253 254
-1.323 2.027 3.723 237 3 71
0.315 0.090 1.427 90 166 254
1.050 0.576 2.021 128 238 234
0.252 -2.259 1.045 66 159 46
2.888 -1.371 3.555 226 159 152
0.080 0.602 1.079 68 137 232
-1.465 -1.165 3.262 207 0 177
2.821 2.356 3.376 215 167 37
2.040 2.841 0.482 30 241 5
1.921 -0.952 2.614 166 247 201
2.518 -1.197 2.630 167 201 174
2.694 -0.538 2.880 183 182 237
0.992 -0.981 2.960 188 234 198
-1.503 1.571 0.878 55 0 127
-1.641 -2.710 1.063 67 0 11
0.085 0.451 1.257 80 138 242
-1.014 -1.114 3.796 242 19 183
-1.065 1.061 3.699 235 15 189
0.520 2.288 2.191 139 190 43
-1.019 -2.814 3.199 203 18 6
-1.833 1.258 0.179 11 4 166
2.571 1.268 0.988 63 196 165
-1.211 1.267 3.899 248 8 165
-1.287 -2.229 3.173 202 5 49
-2.347 1.734 2.341 149 36 106
0.342 2.901 2.420 154 170 3
-1.188 2.882 1.619 103 9 4
-1.986 2.467 3.036 193 10 27
0.341 0.618 2.819 179 170 231
2.896 1.275 0.846 53 158 164
1.126 -1.433 3.691 235 242 145
1.985 1.647 0.931 59 244 117
-2.753 -2.989 3.149 200 79 1
2.874 0.635 2.725 173 161 230
-2.506 -0.896 1.417 90 51 207
-0.555 1.038 0.319 20 60 192
2.768 1.757 0.676 43 174 103
-2.185 -0.579 3.996 254 23 234
0.488 -0.590 3.300 210 187 233
-1.781 2.143 0.068 4 2 58
-1.044 -1.124 1.545 98 17 182
0.103 0.251 0.011 0 140 251
-0.605 1.034 2.839 180 54 192
-1.643 -0.929 2.803 178 0 203
-1.009 -2.240 2.151 137 19 48
-2.416 1.353 1.725 109 42 155
-2.607 1.818 0.412 26 62 96
-2.818 -1.810 3.392 216 86 97
0.285 -2.438 2.033 129 163 30
0.293 -0.606 3.354 213 164 232
-1.052 -1.491 3.960 252 16 137
-1.781 -2.932 3.850 245 2 2
1.745 -0.506 3.750 239 253 239
-2.589 0.143 0.066 4 60 253
-1.137 -2.271 2.898 184 11 45
1.850 2.471 0.659 41 250 27
-0.857 0.086 0.362 23 31 254
-1.327 -1.620 3.001 191 3 121
-1.620 -0.160 3.342 213 0 253
-1.916 0.710 2.545 162 7 224
-1.316 -2.730 2.000 127 4 10
2.939 1.685 1.061 67 153 112
2.169 -1.190 3.256 207 232 174
2.580 1.432 3.450 219 195 145
0.143 -1.289 0.012 0 145 162
0.424 -2.267 3.433 218 180 45
1.958 2.383 3.235 206 245 34
-0.711 -0.130 2.858 182 44 253
1.181 -0.823 2.720 173 245 214
0.123 -2.426 3.866 246 143 31
0.547 -1.332 0.002 0 193 157
-0.403 0.104 1.165 74 77 254
1.908 2.621 2.067 131 247 16
1.710 -2.310 3.125 199 253 41
2.336 2.448 2.998 191 219 29
-2.239 0.923 1.660 105 27 204
2.684 1.338 3.804 242 183 156
0.755 -2.131 2.528 161 214 59
1.593 -1.279 2.884 183 254 164
2.415 -1.981 3.243 206 212 76
1.725 0.690 1.404 89 253 225
-0.302 -2.322 0.028 1 89 40
0.885 2.713 3.860 246 226 11
-0.457 -2.499 3.820 243 71 25
-1.516 2.350 1.442 91 0 37
-2.666 1.173 3.890 247 69 176
-2.104 -1.892 1.738 110 17 87
0.086 -1.170 2.931 186 138 177
-2.397 -1.126 3.688 235 41 182
1.912 0.080 3.558 226 247 254
2.054 0.070 2.366 150 240 254
-0.811 2.894 1.130 72 35 3
2.724 0.560 1.361 86 179 235
2.238 -2.992 2.905 185 227 1
-1.025 1.430 2.653 169 18 145
2.532 0.291 3.350 213 200 249
0.786 -1.643 2.210 140 217 118
-0.476 -0.464 2.021 128 69 241
-0.391 -1.119 0.617 39 78 183
-1.456 -0.276 1.849 117 0 250
-1.487 -2.479 3.112 198 0 26
-0.798 -2.623 0.023 1 36 16
1.525 -0.482 2.787 177 254 240
-1.834 0.198 2.976 189 4 252
0.352 0.107 0.842 53 171 254
2.957 -2.443 2.754 175 150 29
2.277 1.339 0.113 7 224 156
-2.075 -0.674 3.591 228 15 227
-0.990 -2.857 0.387 24 20 5
0.654 2.446 3.277 208 205 29
0.794 -0.069 3.996 254 218 254
-0.262 -2.954 3.122 199 94 2
2.736 -2.485 0.437 27 177 26
2.436 -1.074 0.471 30 210 188
2.940 2.573 0.408 25 153 20
-2.338 -0.330 1.646 104 35 248
-2.934 1.016 2.399 152 101 194
2.989 -1.651 1.871 119 146 117
0.175 -1.126 2.423 154 149 182
0.038 -2.491 0.227 14 132 26
2.068 -0.264 0.529 33 239 250
0.509 -1.942 2.591 165 189 81
-1.526 -0.842 2.051 130 0 212
2.201 -0.524 0.256 16 230 237
-0.187 2.908 2.058 131 103 3
-2.598 -1.944 1.820 116 61 81
-2.428 -0.231 1.874 119 44 251
-2.245 -2.405 1.219 77 27 33
1.505 -2.527 2.736 174 254 23
0.132 -2.983 0.761 48 144 1
-0.253 -2.126 2.405 153 95 60
2.687 -1.873 0.657 41 183 89
-1.675 1.407 1.478 94 0 148
2.098 -1.900 0.477 30 237 86
-1.575 -0.952 2.844 181 0 201
-1.806 2.215 0.341 21 3 50
1.293 2.155 0.097 6 250 57
2.154 0.034 2.625 167 233 254
1.725 -1.965 0.531 33 253 78
2.738 0.057 2.899 184 177 254
-2.448 -0.585 2.737 174 45 233
-0.855 -0.798 3.974 253 31 216
1.874 2.541 2.249 143 249 22
-0.400 -1.750 2.877 183 77 104
-0.016 1.949 1.401 89 125 80
-1.849 0.679 2.569 163 4 226
-0.496 1.389 0.921 58 66 150
-1.677 -2.885 1.753 111 0 4
1.369 -2.009 1.503 95 252 73
2.170 -2.492 0.681 43 232 25
-2.267 2.574 2.692 171 29 20
-2.297 -0.194 2.786 177 32 252
0.199 2.944 0.222 14 152 2
2.910 -2.345 3.922 250 156 38
-2.564 0.475 1.405 89 57 240
1.729 -1.337 0.547 34 253 156
2.018 1.316 2.443 155 242 159
-1.983 1.360 3.650 232 10 154
0.548 0.099 1.934 123 193 254
-1.204 2.221 3.348 213 8 50
0.236 2.481 0.913 58 157 26
-2.982 1.718 2.904 185 107 108
-0.361 0.029 3.754 239 82 254
-0.424 -0.564 2.719 173 75 235
-1.142 -0.627 2.613 166 11 230
2.082 1.305 0.031 1 238 161
1.479 -2.963 0.458 29 254 2
-2.460 -2.964 0.166 10 47 1
0.408 1.632 1.320 84 178 119
-2.338 -2.397 3.414 217 35 33
-0.948 2.879 1.897 120 23 4
1.038 -0.457 3.445 219 237 241
-2.959 1.018 2.181 139 104 194
-1.549 -0.898 2.924 186 0 206
-0.458 1.873 2.078 132 71 89
-1.553 0.694 2.053 130 0 225
0.951 -1.140 3.147 200 231 180
2.614 2.921 0.168 10 191 3
-2.489 -0.136 3.398 216 50 253
1.400 1.574 1.879 119 253 127
-0.059 -1.173 3.207 204 119 176
-1.726 -2.452 3.685 234 1 29
-1.928 1.224 1.642 104 8 170
-2.553 -2.753 1.786 113 56 9
-2.843 -1.893 2.250 143 90 87
1.948 -1.636 1.566 99 246 119
1.546 0.022 1.738 110 254 254
-1.394 -2.000 2.155 137 1 74
1.428 1.559 1.730 110 253 128
1.905 1.012 2.427 154 247 195
-1.001 -1.126 3.573 227 20 182
2.914 0.295 3.496 222 156 249
0.951 2.905 2.012 128 231 3
-1.605 -2.873 1.751 111 0 4
-1.257 1.613 2.601 165 6 122
-1.123 -2.397 1.835 116 12 33
1.121 1.182 2.491 158 242 175
-0.167 2.026 2.689 171 106 71
-1.551 2.455 0.618 39 0 28
-1.823 -2.677 0.245 15 4 13
-2.064 1.142 0.574 36 15 180
-2.020 -2.375 1.635 104 12 35
0.661 1.835 3.089 196 205 94
-1.091 -2.261 3.766 240 14 46
-2.913 -1.196 1.096 69 98 174
-1.233 -2.427 0.089 5 7 31
0.988 1.546 0.215 13 233 130
-0.626 -2.585 2.361 150 52 19
-1.457 -2.707 3.481 221 0 11
-1.004 1.826 0.719 45 19 95
1.812 -0.972 3.084 196 251 199
2.084 -2.479 0.891 56 238 26
-2.880 0.756 1.830 116 94 220
1.166 -2.704 3.358 214 244 12
1.117 1.780 2.857 182 242 101
0.386 0.657 1.810 115 175 228
-1.956 -0.029 1.050 66 9 254
-1.013 -2.558 3.855 245 19 21
1.576 -0.407 0.591 37 254 244
2.205 1.824 3.246 206 230 95
-0.658 2.072 0.951 60 49 66
1.645 -2.555 2.800 178 254 21
-0.049 0.540 1.863 118 121 236
2.377 2.274 1.488 94 215 45
-0.716 -0.607 2.075 132 43 232
1.188 1.000 1.451 92 245 196
-1.729 0.711 3.076 196 1 224
2.009 1.547 2.838 180 242 130
1.336 -2.557 3.194 203 251 21
-2.502 -0.735 2.333 148 51 222
1.997 -2.638 3.132 199 243 15
0.991 1.172 1.341 85 234 176
2.485 -1.356 3.580 228 205 154
-1.423 -2.380 0.449 28 1 35
2.420 -1.556 0.592 37 211 129
-0.975 2.388 0.356 22 21 34
2.540 2.429 2.806 178 199 31
-2.763 1.320 0.528 33 80 159
0.040 1.462 0.109 6 132 141
-1.082 -1.177 0.300 19 14 176
2.969 1.944 3.997 254 149 80
-2.994 -1.453 0.734 46 108 142
-0.968 -0.982 2.653 169 22 198
1.422 -0.233 2.691 171 253 251
0.815 -1.535 3.594 229 220 132
0.172 1.061 2.425 154 149 189
-2.009 -0.113 0.953 60 12 254
-1.221 2.391 0.123 7 7 34
-2.059 -0.799 0.835 53 14 216
1.167 -0.320 3.564 227 244 248
1.255 2.093 1.946 124 248 63
2.938 -0.337 1.012 64 153 247
1.349 -2.889 0.307 19 251 4
0.782 1.392 3.770 240 217 150
-1.752 1.463 1.956 124 2 141
1.502 -1.372 2.961 188 254 152
-2.419 2.097 0.132 8 43 63
-1.158 1.078 1.085 69 10 187
1.319 -1.314 1.429 91 250 159
-1.997 2.490 0.536 34 11 26
0.061 1.448 1.271 81 135 143
-0.514 -1.611 0.837 53 64 122
-1.346 -1.215 3.753 239 3 171
2.162 -1.350 0.696 44 233 155
1.623 0.464 0.163 10 254 241
0.998 -0.932 2.458 156 234 203
0.286 0.426 3.393 216 163 243
-0.150 -2.923 0.268 17 108 3
1.529 0.765 1.260 80 254 219
2.580 0.725 2.318 147 195 222
2.984 -1.259 0.156 9 147 166
0.887 -1.025 2.692 171 226 193
1.048 -1.576 2.712 172 237 126
-1.234 -1.467 3.917 249 7 140
1.609 1.359 1.409 89 254 154
1.476 -2.016 2.397 152 254 72
-1.891 2.389 2.739 174 6 34
1.253 0.839 0.116 7 248 212
2.320 1.258 0.258 16 220 166
-0.575 -1.166 1.167 74 58 177
0.043 2.927 3.060 195 132 2
0.425 -2.627 1.455 92 180 16
-0.094 1.893 0.830 52 115 87
-1.033 2.335 3.384 215 17 39
-2.006 1.935 1.429 91 11 82
-1.775 2.100 2.326 148 2 63
2.737 0.430 3.270 208 177 243
-1.949 -0.866 2.586 164 8 210
-2.864 1.962 1.889 120 92 78
-0.605 -1.225 1.615 102 54 170
2.923 -1.004 2.264 144 155 196
1.248 -2.274 3.930 250 248 45
1.103 0.592 2.400 152 241 233
-1.456 -1.124 2.279 145 0 182
0.051 -0.719 3.410 217 133 223
-0.776 -1.415 2.537 161 38 147
-1.327 2.913 2.764 176 3 3
-0.581 1.996 2.094 133 57 74
-0.780 2.609 3.978 253 37 17
-2.794 -0.976 2.763 176 84 198
1.017 -1.484 0.570 36 235 138
-2.788 -0.664 1.688 107 83 227
-0.020 -0.473 2.968 189 124 241
2.244 -2.196 0.985 62 227 52
2.335 -0.423 3.747 238 219 243
2.101 -2.713 3.709 236 237 11
2.100 -1.957 0.552 35 237 79
0.134 2.807 3.645 232 144 7
-1.615 -0.855 3.303 210 0 211
-2.758 -0.301 3.728 237 79 249
-1.927 1.175 1.407 89 8 176
0.833 2.136 0.460 29 221 59
-1.063 -2.309 0.057 3 16 41
1.508 -1.520 2.785 177 254 134
-1.210 -0.938 3.189 203 8 202
-2.490 -2.446 1.193 76 50 29
2.014 -1.312 1.032 65 242 160
2.972 0.269 0.518 33 149 250
-1.134 -1.851 3.935 250 11 92
1.390 1.694 2.877 183 252 111
-1.938 2.942 0.096 6 8 2
0.002 -0.818 3.547 226 127 214
0.699 -0.880 3.448 219 209 208
-1.055 1.880 1.078 68 16 88
-1.199 -1.238 0.723 46 8 169
2.598 1.128 1.024 65 193 182
1.518 1.480 1.825 116 254 139
2.514 1.380 0.364 23 202 151
-2.217 2.383 2.413 153 25 34
-2.306 2.350 0.539 34 32 37
-1.428 -2.583 0.306 19 1 19
-1.760 -1.358 2.559 163 2 154
1.136 -0.846 2.446 155 243 212
0.104 -1.015 3.442 219 140 194
-0.836 -0.399 0.321 20 32 244
0.986 -1.157 1.663 106 233 178
-1.186 -2.374 3.681 234 9 35
-1.936 -1.784 3.969 253 8 100
-2.827 2.036 3.993 254 88 70
0.078 -1.761 1.283 81 137 103
-2.895 2.600 3.104 197 96 18
-1.930 0.430 1.185 75 8 243
1.824 1.243 2.754 175 250 168
-2.984 -0.708 0.535 34 107 224
-2.403 2.022 2.195 139 41 71
-1.990 1.080 2.868 182 11 187
-1.609 -2.494 2.126 135 0 25
0.729 2.834 3.916 249 212 5
-0.360 1.561 2.309 147 82 128
-0.171 2.869 0.244 15 105 4
1.495 -0.972 0.021 1 254 199
-0.650 0.627 0.476 30 50 230
-2.225 2.535 2.441 155 26 22
2.888 2.461 2.567 163 159 28
1.360 1.368 3.253 207 252 153
-2.159 -0.159 2.879 183 21 253
2.765 -2.454 3.821 243 174 28
0.784 2.379 1.235 78 217 35
0.217 -1.813 3.419 217 154 96
0.798 -0.642 0.023 1 218 229
1.099 0.730 1.106 70 241 222
-2.025 2.823 3.282 209 12 6
0.654 -0.411 1.705 108 205 244
-2.143 0.170 0.529 33 20 253
-2.746 -2.257 3.356 213 78 46
1.094 0.232 3.821 243 240 251
-0.841 0.407 3.485 222 32 244
2.200 -2.394 0.922 58 230 34
0.074 -0.665 0.317 20 136 227
2.687 0.403 0.554 35 183 244
1.587 -2.199 2.871 183 254 52
-2.180 -0.349 0.017 1 22 247
-2.052 -0.151 1.432 91 14 253
-1.297 -1.460 3.613 230 4 141
-0.717 -1.450 1.893 120 43 142
2.806 -2.398 0.773 49 169 33
-2.528 0.713 2.548 162 54 223
-2.511 0.321 0.174 11 52 248
0.666 1.346 2.069 131 206 155
-2.793 0.115 1.519 96 83 254
-1.706 -0.021 2.823 179 1 254
1.224 2.430 3.182 202 247 30
1.458 0.902 2.253 143 254 206
-0.927 0.823 1.865 118 25 214
1.723 -2.088 0.777 49 253 64
1.823 -0.682 1.025 65 250 226
0.422 -0.762 2.618 166 179 219
-0.573 -2.373 3.932 250 58 35
0.557 0.800 2.626 167 194 216
1.351 1.264 2.976 189 251 165
2.445 2.035 1.598 101 209 70
1.944 -0.093 3.722 237 246 254
-1.063 -1.400 3.677 234 16 149
2.950 -2.154 2.798 178 151 57
0.390 -1.936 3.485 222 175 81
-1.278 0.970 3.146 200 5 199
-0.435 0.155 3.546 226 73 253
-2.450 -1.553 0.881 56 46 129
-2.001 1.307 3.277 208 11 160
-0.791 0.628 2.129 135 36 230
1.381 2.291 0.756 48 252 43
-1.916 -0.962 0.939 59 7 200
1.991 -0.793 0.703 44 243 216
2.032 -0.935 0.356 22 241 203
-0.587 -1.095 1.473 93 56 185
2.713 -2.463 0.794 50 180 28
-0.309 2.772 0.748 47 88 8
-0.414 -0.951 3.730 237 76 201
2.566 0.463 1.390 88 196 241
1.486 1.961 3.732 237 254 78
-1.054 0.951 3.401 216 16 201
-0.266 -0.880 1.977 126 93 208
0.726 -1.522 2.924 186 212 133
2.584 -0.142 0.428 27 194 253
-2.080 -1.544 1.636 104 16 130
0.193 2.209 3.731 237 152 51
-1.551 -2.740 2.316 147 0 10
-2.375 -1.380 2.462 156 39 151
0.972 -1.723 2.358 150 232 108
2.082 -2.317 2.202 140 238 40
0.143 1.375 2.027 129 145 152
-1.850 0.675 3.965 252 4 227
0.592 -0.367 1.443 91 198 246
-2.177 2.160 0.647 41 22 56
-1.393 -1.871 1.445 92 2 89
-1.109 -0.424 1.294 82 13 243
2.544 -0.304 0.757 48 199 249
0.461 -0.825 2.688 171 184 214
2.319 2.156 3.059 194 220 57
2.550 2.497 2.338 149 198 25
0.977 1.895 0.798 50 233 86
1.741 0.050 0.756 48 253 254
-2.974 -1.536 1.067 68 106 131
0.082 0.583 2.958 188 137 233
-0.705 -2.707 3.091 197 44 11
-0.426 2.001 2.671 170 74 74
-1.770 1.657 2.449 156 2 116
0.067 -0.661 3.052 194 135 228
1.606 2.297 1.714 109 254 42
-2.388 -2.991 3.423 218 40 1
-1.698 0.532 1.029 65 1 237
-1.253 -0.962 3.202 204 6 200
-0.425 2.477 1.248 79 74 27
-1.738 -0.839 0.496 31 1 212
-2.950 -2.671 0.896 57 103 13
-2.844 2.373 0.245 15 90 35
2.040 2.610 3.363 214 241 17
-1.510 -0.297 1.523 97 0 249
-1.232 0.832 3.029 193 7 213
-2.800 1.874 0.354 22 84 89
-1.028 0.943 1.483 94 18 202
2.373 0.168 0.231 14 216 253
-0.012 2.817 3.327 212 125 6
2.368 -1.681 1.807 115 216 113
-0.690 -1.071 3.289 209 46 188
1.053 1.288 3.652 232 238 163
2.127 -1.819 2.990 190 235 96
-0.376 -0.475 3.994 254 80 240
-1.433 0.477 1.918 122 1 240
1.530 2.027 0.900 57 254 71
-1.900 -1.031 2.007 127 6 192
0.123 -0.135 2.735 174 143 253
2.728 -0.791 3.716 236 178 217
1.439 1.845 0.923 58 253 92
2.125 0.127 2.779 177 235 253
2.655 -0.192 0.981 62 187 252
-0.505 -0.877 1.320 84 65 209
2.598 2.112 1.063 67 193 61
-0.226 -0.535 2.364 150 98 237
-0.750 -0.211 0.892 56 40 252
0.132 2.596 1.133 72 144 18
2.426 -1.097 1.631 103 211 185
0.091 1.354 1.007 64 139 154
2.350 -1.975 3.751 239 218 77
2.519 0.221 3.321 211 201 251
-2.927 -2.233 3.295 210 100 49
1.417 1.487 2.996 191 253 138
-2.556 -0.470 2.929 186 57 241
-2.375 1.906 3.275 208 39 85
2.471 0.304 0.845 53 206 249
2.860 1.494 3.709 236 162 137
2.628 -1.727 2.993 190 190 107
1.451 0.169 1.583 100 254 253
-1.483 -0.213 2.719 173 0 252
0.833 1.651 1.286 81 221 117
-0.395 -2.714 3.436 219 78 11
1.643 -1.079 3.618 230 254 187
-2.100 -0.082 3.742 238 17 254
1.349 2.102 1.457 92 251 62
-0.866 -1.097 3.283 209 30 185
1.927 -1.297 0.359 22 246 161
1.235 -2.496 2.560 163 247 25
-2.380 -1.157 2.252 143 39 178
0.456 2.475 1.989 126 183 27
-1.448 -1.667 2.475 157 0 115
0.317 -2.039 3.145 200 167 70
0.473 0.726 0.924 58 185 222
-1.262 -2.173 2.185 139 6 55
0.079 -1.545 3.468 221 137 130
2.843 1.399 2.219 141 164 149
-2.368 0.522 3.182 202 38 238
-0.870 2.146 2.887 184 30 58
-2.736 -0.371 2.176 138 77 246
1.876 2.778 3.005 191 249 8
1.686 0.425 2.047 130 254 243
1.625 -1.335 1.716 109 254 157
2.316 2.772 0.033 2 221 8
0.629 1.968 2.770 176 202 78
0.507 0.503 0.092 5 189 239
0.512 2.036 3.077 196 189 70
2.732 -0.531 3.433 218 178 237
0.666 1.123 1.460 93 206 182
-0.946 -0.864 0.442 28 24 210
0.165 -0.051 1.520 96 148 254
0.870 -0.881 3.996 254 224 208
-1.012 2.312 2.190 139 19 41
-2.824 2.517 1.596 101 87 24
-0.155 0.933 0.725 46 107 203
-0.752 -2.506 1.025 65 40 24
-0.189 1.782 1.756 111 103 100
2.826 -2.274 2.034 129 167 45
-2.468 -0.859 3.466 220 47 210
1.435 -2.727 0.838 53 253 10
-2.806 -0.778 2.810 179 85 218
-0.378 0.400 3.033 193 80 244
0.289 0.359 3.484 222 163 246
1.995 -0.089 1.532 97 243 254
-0.892 2.085 2.041 130 28 64
-0.550 -0.557 3.927 250 60 235
0.572 2.884 3.681 234 196 4
-0.377 -2.283 1.887 120 80 44
1.433 0.345 2.262 144 253 247
-1.560 2.323 3.006 191 0 40
-1.408 -2.524 3.090 196 1 23
1.813 2.979 1.868 119 251 1
2.876 1.318 3.881 247 161 159
2.443 0.549 3.603 229 209 236
-2.901 -1.877 0.272 17 97 89
0.185 1.354 2.750 175 150 154
2.832 2.453 3.832 244 166 29
-1.266 -0.929 2.360 150 5 203
-0.951 1.983 2.490 158 23 76
1.139 0.099 0.376 23 243 254
-1.225 1.120 2.962 188 7 183
-0.805 -1.176 1.428 91 35 176
-2.990 2.925 3.753 239 108 2
2.730 2.157 3.577 228 178 56
-2.478 -1.008 2.010 128 48 195
-1.810 1.940 3.448 219 3 81
-1.260 2.318 3.577 228 6 40
-1.843 0.728 2.560 163 4 222
-0.318 1.174 2.619 166 87 176
-0.882 -0.220 1.530 97 29 251
-1.968 -1.768 2.289 145 9 102
0.464 2.364 1.233 78 184 36
0.276 2.006 3.489 222 162 73
1.958 0.621 0.845 53 245 231
-2.846 1.303 1.795 114 90 161
-0.715 2.890 1.251 79 43 4
1.344 -0.884 3.615 230 251 208
0.682 -0.221 0.408 26 207 251
0.760 2.423 3.652 232 215 31
-1.213 0.135 0.552 35 8 253
1.444 0.232 0.338 21 253 251
0.361 1.572 1.776 113 172 127
0.655 2.210 0.411 26 205 51
-0.854 2.553 1.319 84 31 21
1.654 -2.638 1.271 81 254 15
0.392 -0.676 3.945 251 176 226
1.950 2.663 0.658 41 245 14
-1.678 -1.146 1.252 79 0 180
-2.428 -2.083 0.247 15 44 65
-2.818 -1.876 1.012 64 86 89
-1.629 -0.785 3.175 202 0 217
2.658 0.975 2.783 177 186 199
2.778 0.909 2.332 148 172 205
0.914 1.416 1.970 125 228 147
-1.380 -1.415 2.118 135 2 147
2.779 -2.665 2.877 183 172 14
0.172 2.579 1.713 109 149 19
-2.652 2.365 2.934 187 67 36
-0.615 -2.862 1.060 67 53 4
-0.411 2.244 3.267 208 76 48
-1.241 0.519 2.494 158 6 238
-1.291 -0.965 3.794 241 4 200
1.393 1.008 2.244 143 252 195
-1.675 1.466 0.471 30 0 140
-2.654 -1.224 1.407 89 67 170
1.908 -2.098 0.861 54 247 63
1.256 1.682 0.373 23 248 113
-1.435 0.741 1.767 112 1 221
-0.340 -0.095 3.727 237 84 254
-2.641 -0.525 3.429 218 66 237
-0.834 -2.674 3.440 219 33 13
1.101 0.200 2.369 151 241 252
-2.111 -1.312 3.535 225 18 160
1.459 -2.677 0.805 51 254 13
-2.959 -2.299 2.672 170 104 42
0.055 1.074 0.216 13 134 188
-1.783 1.490 1.506 96 2 137
-0.305 2.309 1.155 73 89 41
-1.438 2.497 2.137 136 1 25
-2.451 -2.982 0.499 31 46 1
0.172 2.178 3.632 231 149 54
0.198 1.283 1.403 89 152 163
1.515 -0.206 2.473 157 254 252
-1.691 0.928 1.676 106 0 203
-0.829 -1.078 1.732 110 33 187
-2.254 -1.386 3.224 205 28 150
-2.473 0.576 2.512 160 48 234
1.731 0.720 3.429 218 253 223
2.374 -2.989 0.390 24 216 1
1.908 -0.696 2.528 161 247 225
-1.551 0.305 2.221 141 0 249
-2.285 -1.634 1.938 123 31 119
0.654 0.224 2.975 189 205 251
2.617 1.739 3.184 202 191 106
-2.631 -2.664 1.245 79 65 14
1.913 1.526 3.800 242 247 133
0.010 2.061 1.284 81 128 67
-1.286 0.911 0.477 30 5 205
1.665 2.414 3.112 198 254 32
-2.147 0.603 2.169 138 20 232
-1.715 -1.536 1.968 125 1 131
-1.983 2.780 0.915 58 10 8
0.333 -1.739 1.358 86 169 106
-1.989 -1.785 3.360 214 11 100
1.957 0.746 0.453 28 245 221
-1.012 2.307 2.078 132 19 41
1.312 -2.701 3.119 198 250 12
-1.710 2.389 3.965 252 1 34
-2.151 2.470 2.610 166 20 27
2.723 -1.154 2.868 182 179 179
2.906 -1.333 3.681 234 157 157
-0.853 -2.092 1.866 118 31 63
2.647 -2.595 3.314 211 188 18
-1.728 1.497 0.883 56 1 136
0.174 -2.504 2.336 148 149 25
-1.916 1.255 0.547 34 7 167
-0.994 -0.111 2.257 143 20 254
0.281 -2.621 2.966 189 162 16
-0.756 0.051 3.820 243 40 254
1.076 -0.383 2.128 135 239 245
0.131 -0.635 0.834 53 144 230
-0.044 -2.262 2.190 139 121 46
-0.437 -2.358 2.411 153 73 37
0.541 1.349 2.613 166 193 155
-0.168 -2.470 3.960 252 106 27
1.585 -2.058 1.022 65 254 67
-0.362 0.149 0.491 31 82 253
-1.883 2.855 1.407 89 6 5
0.694 -0.551 0.799 50 209 236
-2.027 -2.290 2.639 168 13 43
-0.727 1.150 3.825 243 42 179
1.441 2.981 3.637 231 253 1
-1.009 2.546 0.172 10 19 21
2.482 1.747 0.748 47 205 105
2.119 2.113 2.534 161 236 61
1.552 0.959 3.189 203 254 200
-1.522 -1.562 3.911 249 0 128
-2.501 -0.477 1.912 121 51 240
-0.548 0.419 0.850 54 61 243
0.922 -0.772 2.671 170 229 218
-2.987 0.673 2.221 141 107 227
0.956 -2.052 0.533 34 231 68
2.248 1.427 1.036 66 226 145
0.233 -1.884 3.916 249 156 88
-1.780 2.440 3.562 227 2 30
-2.347 0.317 2.961 188 36 248
-0.836 -2.516 3.780 241 32 24
-0.191 0.104 1.145 72 103 254
0.093 -1.414 3.617 230 139 147
2.659 0.819 0.813 51 186 214
2.754 -0.753 1.748 111 175 220
2.568 2.039 0.883 56 196 69
-0.731 -0.121 1.618 103 42 254
1.821 -1.729 0.766 48 251 107
0.174 2.732 2.276 145 149 10
0.887 2.859 1.081 68 226 5
-1.747 2.677 0.071 4 1 13
2.130 -0.876 0.226 14 235 209
-2.312 2.633 1.236 78 33 16
-1.383 2.379 3.164 201 2 35
-1.021 1.822 0.062 3 18 95
0.509 -2.814 3.533 225 189 6
-1.436 -2.509 3.823 243 1 24
2.830 -2.052 2.851 181 166 68
2.779 -2.830 0.849 54 172 6
-2.824 1.741 2.498 159 87 105
-0.804 0.391 1.147 73 35 245
2.977 -2.348 2.753 175 148 38
0.895 -2.832 3.632 231 226 6
0.636 -0.592 1.644 104 203 233
-2.731 -0.134 3.179 202 76 253
-1.778 2.231 0.976 62 2 49
1.413 -2.318 1.601 102 253 40
1.906 -1.903 3.478 221 247 85
2.855 -2.641 0.245 15 163 15
-1.984 -0.236 2.657 169 10 251
-0.839 -1.232 1.629 103 32 169
-2.517 -1.112 1.104 70 52 183
0.544 1.244 0.862 54 193 168
-0.440 -0.954 3.239 206 73 201
-0.577 1.480 1.530 97 57 139
-0.623 -1.367 1.178 75 53 153
1.381 1.626 0.685 43 252 120
1.264 2.073 0.988 62 249 66
-0.519 -1.961 0.504 32 64 79
0.718 -0.738 3.644 232 211 221
2.887 -1.770 3.016 192 159 102
-2.912 1.920 3.691 235 98 83
0.917 2.273 2.918 186 228 45
2.022 2.336 2.186 139 242 39
1.493 -0.715 3.675 234 254 223
-1.560 -2.260 2.632 167 0 46
-2.738 0.124 0.627 39 77 254
2.711 -2.014 3.294 210 180 72
0.344 2.354 3.722 237 170 37
2.377 -2.245 0.517 32 215 47
1.345 0.674 1.301 82 251 227
-0.493 -0.052 2.889 184 67 254
1.578 2.369 0.632 40 254 36
2.142 0.080 2.896 184 234 254
1.969 -1.788 1.666 106 245 100
2.130 0.503 2.864 182 235 239
1.095 2.374 2.448 156 240 35
-1.543 -1.419 2.047 130 0 146
-1.934 -2.223 3.389 216 8 50
-1.448 2.526 0.919 58 0 23
-1.980 -1.094 1.792 114 10 185
0.282 -2.515 2.825 180 162 24
0.903 -2.468 3.088 196 227 27
-1.655 1.999 2.511 160 0 74
-1.465 1.403 3.235 206 0 148
0.192 0.799 1.574 100 151 216
0.570 2.275 1.411 89 196 44
-1.647 -2.739 3.691 235 0 10
-1.523 1.689 1.044 66 0 112
0.607 2.922 2.705 172 200 3
1.775 1.778 2.538 161 252 101
1.360 2.159 3.804 242 252 56
-2.956 -1.727 3.520 224 103 107
2.063 1.513 2.655 169 239 134
1.826 1.647 3.497 222 250 117
2.488 1.298 1.150 73 205 161
1.714 1.392 1.547 98 253 150
-1.880 -2.794 2.413 153 6 7
0.971 -1.269 0.050 3 232 165
-0.625 -1.862 1.214 77 52 90
1.510 1.905 1.391 88 254 85
-1.791 0.557 2.854 181 3 235
-0.049 -2.493 0.431 27 121 25
-2.204 0.130 2.006 127 24 253
-0.370 1.407 0.118 7 81 148
1.827 2.893 1.948 124 250 3
-0.291 -0.074 2.469 157 90 254
0.066 -1.907 2.541 162 135 85
-1.034 2.871 0.332 21 17 4
1.402 0.226 1.616 103 253 251
2.490 -2.034 0.440 28 204 70
0.775 1.969 1.182 75 216 78
1.453 -0.561 3.927 250 254 235
-0.828 -2.233 3.835 244 33 49
1.095 -2.750 1.517 96 240 9
-1.966 2.296 2.400 153 9 42
-1.216 2.127 0.142 9 7 60
-2.931 -1.168 2.375 151 100 177
-1.290 2.148 3.671 234 5 57
2.938 2.543 2.438 155 153 22
0.776 -1.392 0.014 0 216 150
0.490 -1.538 3.441 219 187 131
-1.902 1.669 2.764 176 6 114
-1.035 -2.361 3.587 228 17 36
1.500 -2.251 1.817 115 254 47
-1.277 1.682 2.890 184 5 113
1.784 2.796 2.133 136 252 7
-1.727 -2.753 0.550 35 1 9
-2.159 1.280 0.703 44 21 164
-1.479 1.256 2.788 177 0 166
2.921 1.636 3.616 230 155 119
1.400 0.849 0.723 46 253 211
1.312 2.719 0.339 21 250 11
-0.019 -2.449 0.883 56 125 29
0.482 0.643 0.766 48 186 229
2.465 0.264 2.738 174 207 250
-0.681 2.374 3.904 248 47 35
-2.628 -2.486 2.453 156 64 26
0.269 0.916 1.511 96 161 205
-1.918 -1.054 0.487 31 7 190
1.461 -2.990 3.971 253 254 1
-1.037 -1.587 1.986 126 17 125
-0.151 2.505 1.127 71 108 24
-0.106 -2.743 1.095 69 114 9
-0.097 -0.375 3.737 238 115 246
1.768 -2.884 1.273 81 252 4
-1.251 0.502 0.105 6 6 239
-1.400 -2.936 3.245 206 1 2
1.098 2.879 2.330 148 241 4
-2.173 2.331 2.609 166 22 39
-2.377 2.102 2.181 139 39 62
0.798 -0.580 2.750 175 218 234
2.168 0.733 2.909 185 232 222
1.325 -2.642 2.037 129 251 15
1.903 1.700 2.463 156 248 111
-2.523 -2.696 0.080 5 53 12
1.863 -1.287 2.308 147 249 163
-1.556 -1.987 0.304 19 0 75
-0.548 -1.747 0.288 18 61 105
2.361 -2.270 2.044 130 217 45
-1.384 -2.293 2.321 147 2 43
2.960 1.396 3.949 251 150 149
-0.981 -1.698 0.842 53 21 111
-0.585 -1.202 3.261 207 57 173
-1.301 -0.812 3.258 207 4 215
-0.750 0.231 0.273 17 40 251
2.364 0.474 2.915 185 216 240
-0.275 -1.337 3.911 249 92 157
2.363 2.358 3.363 214 217 37
1.793 -2.196 1.488 94 251 52
1.214 2.296 0.021 1 246 42
-0.713 -1.076 1.556 99 44 188
0.023 -1.389 1.417 90 130 150
2.817 -0.288 1.761 112 168 249
-2.761 2.205 0.294 18 80 51
-0.923 0.162 1.206 76 25 253
2.764 -0.227 2.689 171 174 251
-0.425 -2.101 2.027 129 74 62
-1.711 -2.219 2.961 188 1 50
-0.554 0.416 3.876 247 60 244
1.923 -1.308 0.190 12 247 160
-2.337 -2.802 3.937 250 35 7
0.974 0.530 0.387 24 232 237
-0.838 -2.822 3.084 196 32 6
-2.367 -0.487 1.468 93 38 240
-2.080 0.475 2.365 150 16 240
-1.295 0.359 0.226 14 4 246
-0.064 -1.693 0.263 16 119 111
1.216 1.518 1.335 85 247 134
-2.740 -2.758 0.702 44 77 9
0.312 1.305 2.567 163 166 160
-1.342 -0.586 2.616 166 3 233
-1.169 0.968 3.587 228 10 199
-2.386 0.873 1.952 124 40 209
-0.052 0.033 3.051 194 120 254
-1.148 -1.856 1.951 124 11 91
2.128 2.606 1.678 107 235 17
0.674 1.312 1.949 124 207 160
-1.876 1.420 3.229 205 5 146
-1.965 -1.367 0.165 10 9 153
-2.229 0.098 3.297 210 26 254
-1.705 -1.704 0.586 37 1 110
0.514 -2.043 0.482 30 190 69
1.617 1.552 0.448 28 254 129
1.718 -0.014 3.762 239 253 254
-0.496 2.507 2.777 177 66 24
1.908 -2.942 2.671 170 247 2
-1.190 0.194 1.276 81 9 252
2.728 0.328 1.715 109 178 248
-2.097 -0.919 2.450 156 17 204
-2.364 -1.390 2.059 131 38 150
1.658 1.253 1.244 79 254 167
-0.421 2.345 1.231 78 75 38
0.684 -1.530 2.908 185 208 132
-0.926 0.425 3.106 197 25 243
-2.996 -1.110 0.460 29 108 184
-0.892 -1.823 1.550 98 28 95
-0.472 2.602 0.310 19 69 18
2.785 1.139 3.545 226 171 180
2.163 -0.735 0.705 44 233 222
1.615 -2.184 2.899 184 254 54
0.479 -0.147 3.683 234 186 253
0.141 1.964 2.576 164 145 78
-2.046 0.632 0.146 9 14 230
1.489 1.587 3.941 251 254 125
-2.883 -2.080 2.259 144 94 65
-2.599 1.220 1.669 106 61 171
-2.076 -1.292 2.912 185 15 162
1.921 -0.820 2.920 186 247 214
-0.163 -0.149 2.925 186 106 253
-2.930 2.741 3.083 196 100 10
1.649 1.872 2.046 130 254 89
0.646 -0.688 3.989 254 204 225
-2.587 2.365 3.625 231 60 36
2.316 -2.833 1.645 104 221 6
-2.701 2.076 3.192 203 73 65
-1.161 -1.956 2.704 172 10 79
2.114 1.522 1.138 72 236 133
-1.867 -1.063 2.732 174 5 189
-1.624 0.053 1.362 86 0 254
1.873 2.359 3.600 229 249 37
-0.693 2.755 1.947 124 46 9
-2.221 -2.538 3.559 226 26 22
-2.582 1.984 0.632 40 59 76
1.995 1.795 1.671 106 243 99
1.793 2.895 2.713 172 251 3
1.767 1.167 3.123 199 252 177
0.226 0.021 1.889 120 156 254
2.930 0.323 3.549 226 154 248
-1.108 -0.635 3.845 245 13 230
-1.201 -1.543 0.552 35 8 131
2.921 -0.947 3.829 244 155 201
0.822 0.092 3.648 232 220 254
0.653 -0.379 2.968 189 205 245
-1.777 2.590 3.773 240 2 18
1.291 2.593 2.126 135 250 18
1.581 -1.815 1.967 125 254 96
-0.984 -1.702 3.619 230 21 110
0.190 1.968 2.960 188 151 78
1.093 1.754 0.368 23 240 104
-2.140 -2.803 2.357 150 20 7
1.542 -0.928 0.498 31 254 203
-0.443 -1.309 3.596 229 72 160
-2.460 2.892 0.473 30 47 3
-1.362 1.988 0.989 63 2 75
2.196 -1.651 2.761 176 230 117
-0.202 1.436 2.406 153 101 144
-0.774 -0.927 0.384 24 38 203
-1.305 0.114 2.368 150 4 254
-2.147 -2.008 3.266 208 20 73
2.358 -0.749 3.628 231 217 220
2.350 -0.345 1.388 88 218 247
-2.553 2.008 2.853 181 56 73
-1.404 -2.827 2.344 149 1 6
1.875 -2.315 1.991 126 249 41
1.555 -0.765 1.266 80 254 219
-1.160 1.638 3.732 237 10 118
-2.053 0.855 0.043 2 14 211
0.027 0.057 0.864 55 130 254
1.030 1.565 0.661 42 236 128
0.977 -0.666 0.610 38 233 227
0.510 1.046 2.102 134 189 191
-1.344 2.078 0.461 29 3 65
2.825 -1.531 0.932 59 167 132
-0.622 0.075 1.983 126 53 254
1.130 1.446 3.112 198 242 143
0.171 2.351 3.853 245 149 37
0.915 -2.998 0.772 49 228 1
0.740 -0.804 0.963 61 213 215
-1.542 2.881 1.741 110 0 4
2.336 -2.234 3.262 207 219 49
-2.289 0.139 2.908 185 31 253
1.682 -1.685 3.346 213 254 112
0.871 0.786 2.525 160 225 217
-2.575 -0.067 2.268 144 59 254
2.460 -1.961 1.795 114 207 78
-1.214 1.244 3.737 238 8 168
0.890 -1.368 1.650 105 226 153
2.333 -1.598 0.275 17 219 124
0.644 -1.374 3.812 242 204 152
0.771 2.641 3.163 201 216 15
-2.464 -2.235 2.438 155 47 48
-2.115 -2.629 1.477 94 18 16
2.414 -2.667 0.863 55 212 14
-2.327 2.701 0.146 9 34 12
2.305 0.714 3.740 238 222 223
1.277 0.321 0.763 48 249 248
1.218 -1.015 0.916 58 247 194
1.995 -0.037 2.877 183 243 254
2.702 -1.828 0.015 0 181 95
2.736 1.770 3.389 216 177 102
0.856 2.355 0.389 24 223 37
1.578 -2.002 0.801 51 254 74
-0.561 1.845 3.002 191 59 92
-1.230 2.149 1.181 75 7 57
1.848 1.100 1.603 102 250 185
-2.084 1.272 0.522 33 16 165
1.113 2.492 0.633 40 241 25
-1.134 -1.036 0.510 32 11 192
1.435 2.606 0.350 22 253 17
2.399 0.901 3.258 207 213 206
-2.970 0.310 3.484 222 105 248
-1.036 1.098 2.817 179 17 185
-1.297 0.108 0.139 8 4 254
-0.669 2.995 1.465 93 48 1
-2.211 -0.781 0.826 52 25 218
0.566 1.614 1.861 118 195 122
-2.861 -0.762 0.834 53 92 219
-1.294 -1.547 0.601 38 4 130
2.184 1.871 0.548 34 231 89
-2.701 0.354 0.926 59 73 247
-0.843 -0.580 2.256 143 32 234
0.584 0.904 1.242 79 197 206
2.426 -2.432 0.450 28 211 30
1.917 -0.567 2.426 154 247 235
2.199 -1.709 1.730 110 230 109
-2.161 2.114 2.669 170 21 61
-0.390 -1.733 0.796 50 78 106
-2.910 -2.716 3.197 203 98 11
-2.811 0.801 1.932 123 86 216
-2.443 -1.994 1.798 114 45 75
2.208 -0.646 1.705 108 229 229
2.216 1.985 0.332 21 229 76
1.197 -1.775 0.586 37 246 101
-1.152 0.297 3.476 221 11 249
1.352 2.571 3.739 238 251 20
-1.108 1.991 0.238 15 13 75
0.151 -0.945 2.702 172 146 202
-2.932 -1.160 0.448 28 100 178
1.751 0.660 0.584 37 252 228
-1.643 -2.821 3.001 191 0 6
2.403 -1.947 2.101 133 213 80
-2.495 2.030 2.887 184 50 71
-1.715 -2.711 0.183 11 1 11
-0.708 -1.504 3.110 198 44 135
1.754 -0.580 2.460 156 252 234
-1.562 -0.488 2.021 128 0 240
-1.835 -2.458 0.177 11 4 28
-1.094 -0.056 3.972 253 14 254
-0.490 -1.597 3.566 227 67 124
-0.548 -2.345 3.035 193 61 38
0.674 2.275 2.754 175 207 44
1.487 -2.227 3.997 254 254 49
2.372 -0.723 3.032 193 216 223
2.365 2.803 0.783 49 216 7
-1.857 -2.207 3.816 243 5 51
-2.267 -2.408 2.740 174 29 32
0.816 -1.774 0.156 9 220 101
-1.087 0.960 3.019 192 14 200
2.502 0.022 0.598 38 203 254
-0.338 -0.061 2.796 178 85 254
1.170 0.243 0.858 54 244 251
1.991 0.797 1.447 92 243 216
-1.700 -0.711 1.838 117 1 224
-2.641 1.894 2.656 169 66 87
2.957 -1.722 3.535 225 150 108
-0.021 -2.832 3.926 250 124 6
1.020 -0.698 2.405 153 236 225
0.872 -2.535 1.327 84 225 22
-0.633 0.964 1.640 104 52 200
-2.951 0.237 3.000 191 103 251
2.686 2.142 3.163 201 183 58
1.016 1.222 3.867 246 235 171
1.474 -1.176 3.794 241 254 176
1.612 -0.833 3.597 229 254 213
-2.552 0.561 3.342 213 56 235
-1.234 -0.378 3.808 242 7 245
2.718 -1.400 3.551 226 179 149
1.362 0.060 3.227 205 252 254
1.016 1.511 2.077 132 235 135
2.852 0.502 2.463 156 163 239
0.404 1.026 1.575 100 177 193
-1.138 0.786 3.950 251 11 217
1.744 2.537 3.778 240 253 22
0.972 -0.792 0.674 42 232 217
2.971 0.107 2.068 131 149 254
2.487 0.577 1.825 116 205 234
-0.144 -0.373 2.722 173 109 246
2.924 -1.377 0.891 56 154 152
-0.489 -1.069 3.743 238 67 188
-0.290 1.509 3.014 192 91 135
-2.016 2.476 2.584 164 12 27
-1.681 -0.821 0.378 24 0 214
1.067 1.427 2.485 158 239 145
2.808 2.443 1.649 105 169 29
-0.905 -2.079 0.107 6 27 65
0.994 0.949 3.677 234 234 201
2.685 -0.558 3.092 197 183 235
-2.630 1.996 1.636 104 65 74
0.311 1.300 1.228 78 166 161
1.945 -1.441 1.608 102 246 144
-0.722 1.851 3.817 243 43 92
1.245 -2.165 0.961 61 248 56
-1.535 0.845 2.843 181 0 212
-0.084 -2.250 1.441 91 116 47
-0.903 2.517 2.443 155 27 24
1.498 -0.277 2.765 176 254 250
-1.264 -0.873 0.399 25 5 209
0.591 -2.122 0.082 5 198 60
-0.489 -2.390 2.758 175 67 34
-0.164 -0.047 3.951 251 106 254
2.154 -0.821 3.125 199 233 214
2.327 0.911 3.349 213 220 205
-2.219 -2.370 1.451 92 25 36
-0.666 0.676 2.369 151 48 226
0.469 -2.299 2.181 139 185 42
-1.746 2.216 2.431 155 1 50
-1.024 -2.460 1.222 77 18 28
-0.399 -0.993 1.674 106 77 197
-2.896 1.230 3.306 210 96 170
-0.775 1.962 2.647 168 38 78
-0.163 -2.665 3.588 228 106 14
-0.107 2.281 2.359 150 113 44
-0.897 1.894 1.072 68 27 87
1.945 2.633 1.380 87 246 16
-0.614 0.493 0.738 47 54 239
-2.480 -2.058 2.059 131 49 67
0.119 1.697 0.591 37 142 111
-1.819 1.490 0.741 47 3 137
0.357 0.340 2.882 183 172 247
-1.261 -1.774 1.581 100 6 101
-1.527 -2.932 0.801 51 0 2
-1.064 -0.741 1.204 76 16 221
0.722 -3.000 3.933 250 211 1
0.056 1.101 1.593 101 134 185
1.848 1.355 0.908 57 250 154
1.918 -1.635 0.934 59 247 119
-0.657 -1.048 3.933 250 49 191
2.115 1.445 0.212 13 236 143
2.033 -2.238 3.773 240 241 48
-0.951 0.583 1.721 109 23 233
-1.106 2.243 3.041 193 13 48
0.594 0.633 2.076 132 198 230
-1.845 -0.986 2.403 153 4 197
2.638 -0.840 3.460 220 189 212
-1.418 1.404 1.115 71 1 148
-2.705 2.776 1.049 66 73 8
2.469 2.713 3.315 211 206 11
1.921 -2.386 3.422 218 247 34
-2.746 1.504 3.149 200 78 136
-1.318 -1.600 1.562 99 4 123
2.609 2.922 3.961 252 192 3
-1.049 0.299 0.817 52 16 249
-1.661 -2.314 2.161 137 0 41
-0.736 1.051 0.404 25 41 190
2.589 0.125 3.852 245 194 254
-0.976 0.722 3.348 213 21 223
-2.012 2.694 2.040 130 12 12
2.221 -0.172 3.296 210 229 253
1.653 -0.114 1.237 78 254 254
-0.239 1.482 3.401 216 97 138
-0.584 0.999 1.976 125 57 196
0.309 1.116 2.283 145 166 183
2.336 2.672 1.022 65 219 13
0.826 2.809 0.040 2 221 6
-0.115 1.693 1.423 90 112 111
2.563 -2.557 3.541 225 197 21
-2.779 -0.316 0.697 44 82 248
1.540 0.716 1.464 93 254 223
-1.968 2.414 1.865 118 9 32
0.193 -1.652 2.338 149 151 117
1.344 0.442 3.754 239 251 242
2.355 -1.439 3.207 204 217 144
-1.488 1.934 3.066 195 0 82
-2.351 0.779 0.860 54 36 218
-2.705 -0.531 1.611 102 73 237
1.320 2.795 0.912 58 251 7
-0.219 -0.764 1.371 87 99 219
0.446 2.979 2.147 136 182 1
1.922 0.425 3.638 231 247 243
-0.517 1.341 3.131 199 64 156
-0.812 -2.435 3.655 233 35 30
-2.216 0.618 2.415 153 25 231
-1.747 1.867 0.984 62 1 90
-2.844 2.208 3.513 223 90 51
-0.947 -1.893 3.751 239 24 87
-0.210 2.916 3.795 241 100 3
-2.992 -0.015 0.975 62 108 254
0.229 -0.532 1.866 118 156 237
-0.854 -1.185 0.247 15 31 175
1.298 -1.561 0.871 55 250 128
-1.639 -0.186 0.298 18 0 252
1.470 -1.081 0.508 32 254 187
-1.742 1.052 3.279 209 1 190
-0.249 -0.508 0.396 25 96 238
-1.189 -0.680 0.655 41 9 226
1.456 -2.991 2.155 137 254 1
-2.843 0.429 0.748 47 89 243
2.490 1.645 1.734 110 204 118
1.082 -2.780 3.290 209 240 8
1.174 -0.782 0.630 40 245 217
-1.039 -0.680 3.445 219 17 226
0.560 -1.464 2.721 173 195 141
-0.353 1.800 0.926 59 83 98
0.438 -1.473 1.489 94 181 139
1.134 -2.727 0.171 10 243 10
2.685 -2.878 2.883 183 183 4
-0.482 2.912 0.041 2 68 3
-2.049 2.759 2.996 191 14 9
1.947 0.368 2.620 167 246 246
1.037 0.289 1.295 82 237 249
0.394 -1.636 1.310 83 176 119
-1.226 -0.704 1.170 74 7 224
-2.742 1.893 2.731 174 77 87
1.664 -2.916 2.978 189 254 3
0.999 -1.509 3.882 247 234 135
-0.608 2.426 0.385 24 54 31
1.372 2.158 3.821 243 252 56
-0.627 1.168 1.561 99 52 177
0.794 -0.323 1.055 67 218 248
0.435 -2.645 3.394 216 181 15
-2.508 -0.255 0.408 26 52 250
1.839 2.192 2.399 152 250 53
0.032 2.620 0.239 15 131 16
-0.940 -0.680 1.652 105 24 226
2.345 1.243 2.553 162 218 168
-1.761 -1.290 3.549 226 2 162
2.012 -1.074 3.437 219 242 188
-0.717 2.310 3.513 223 43 41
0.917 -1.207 2.113 134 228 172
0.914 -0.024 1.988 126 228 254
1.229 -1.301 2.138 136 247 161
-1.822 2.389 3.690 235 4 34
-0.388 1.415 0.036 2 79 147
-0.686 0.871 3.513 223 46 209
0.442 1.255 3.543 225 182 167
-2.917 -1.050 2.708 172 99 190
2.300 1.313 1.270 80 222 159
1.426 1.796 3.536 225 253 98
1.269 -1.312 1.846 117 249 160
-1.741 1.214 0.095 6 1 172
0.088 1.180 2.452 156 138 176
2.522 1.162 0.550 35 201 178
-0.114 2.959 0.791 50 112 2
-1.009 -1.612 0.720 45 19 122
-0.267 2.286 0.410 26 93 43
1.670 -1.598 0.923 58 254 123
2.319 -0.774 0.388 24 220 218
2.158 0.452 0.439 28 233 242
-1.808 0.489 1.678 106 3 240
1.631 0.206 0.938 59 254 252
1.104 -2.535 1.330 84 241 22
-1.125 -1.243 0.410 26 12 168
-1.727 0.260 3.015 192 1 250
0.718 0.593 3.266 208 211 233
0.067 -2.038 0.848 54 135 70
-2.981 1.077 0.170 10 107 187
2.638 0.214 1.986 126 188 252
-2.554 2.296 0.405 25 56 42
-2.624 -1.803 0.647 41 64 98
-2.635 0.625 0.232 14 65 230
2.462 -1.124 3.525 224 207 182
-1.170 0.134 0.368 23 10 253
2.402 1.491 1.983 126 213 137
-2.307 -0.256 1.975 125 33 250
0.929 0.176 2.969 189 229 253
-1.155 -2.086 2.806 178 10 64
-1.977 2.704 3.607 229 10 11
2.093 -2.009 2.104 134 238 73
1.883 1.584 3.756 239 248 125
0.802 -0.969 1.499 95 219 199
-0.801 -0.173 0.185 11 35 253
0.401 -2.749 0.563 35 177 9
-1.663 -1.264 0.244 15 0 166
-0.482 1.115 2.181 139 68 183
-0.519 -0.479 1.818 115 64 240
-0.151 -0.163 3.244 206 108 253
0.262 2.270 2.445 155 160 45
1.243 0.993 1.059 67 248 197
0.137 -2.789 2.370 151 144 7
-1.658 -0.132 3.099 197 0 253
-0.627 -0.300 3.542 225 52 249
0.809 -1.952 0.455 29 219 80
-1.818 2.170 3.864 246 3 55
0.161 0.912 1.483 94 147 205
-0.847 2.330 3.467 220 31 39
-0.649 0.226 2.540 161 50 251
-2.575 1.891 0.616 39 59 87
1.681 0.395 2.759 175 254 245
-2.602 -0.594 1.646 104 61 233
0.170 1.259 2.212 140 149 166
-2.512 2.857 1.475 94 52 5
2.649 -1.245 2.392 152 187 168
2.079 -0.247 1.217 77 238 251
0.826 0.849 0.377 24 221 211
0.603 1.675 2.554 162 199 114
0.418 -2.770 3.689 235 179 8
0.321 -2.784 2.163 137 167 8
-1.157 2.067 0.345 22 10 66
-1.368 -2.077 1.821 116 2 65
-2.848 -1.098 0.113 7 90 185
-1.481 -2.548 1.592 101 0 21
-2.313 -0.709 3.785 241 33 224
-0.412 -2.819 0.748 47 76 6
-1.013 1.822 1.897 120 19 95
-1.671 -0.435 1.182 75 0 243
-0.412 0.019 0.268 17 76 254
-0.326 -2.356 2.163 137 86 37
0.986 -0.318 1.072 68 233 248
-0.485 -2.092 1.598 101 68 64
-0.149 1.019 1.925 122 108 194
2.425 -2.485 1.832 116 211 26
-0.685 0.813 3.312 211 46 215
1.421 2.400 0.993 63 253 33
0.001 0.952 1.055 67 127 201
-1.510 1.885 3.133 199 0 88
1.696 -0.991 3.605 229 253 197
-2.024 -1.723 3.539 225 12 108
-0.201 2.083 3.086 196 102 65
-2.910 -1.549 1.837 117 98 130
2.980 -0.910 2.476 157 147 205
-1.651 0.164 1.808 115 0 253
2.813 0.422 3.442 219 168 243
1.510 1.418 3.931 250 254 146
2.327 -1.799 0.870 55 220 98
2.273 0.914 0.319 20 224 205
1.463 1.582 2.474 157 254 126
1.662 1.329 3.855 245 254 158
1.846 -0.335 0.603 38 250 247
2.592 2.132 2.482 158 194 59
2.112 -1.293 3.797 242 236 162
-2.736 1.572 3.248 207 77 127
0.666 0.965 2.520 160 206 200
-0.157 -0.118 1.673 106 107 254
-2.962 -1.866 2.352 149 104 90
-1.468 0.789 1.608 102 0 217
-0.606 -2.845 3.263 208 54 5
-2.994 1.069 3.634 231 108 188
1.310 -1.023 1.358 86 250 193
-1.045 1.922 3.112 198 17 83
2.286 -0.750 1.949 124 223 220
0.507 0.551 0.578 36 189 236
-0.104 1.862 1.470 93 114 90
-1.729 -2.335 3.995 254 1 39
1.565 -2.907 1.331 84 254 3
-1.122 2.443 1.562 99 12 29
0.979 1.559 2.402 153 233 129
2.346 -0.367 3.066 195 218 246
-1.524 0.610 3.210 204 0 232
0.304 -0.024 0.381 24 165 254
1.514 1.821 0.304 19 254 95
-1.007 2.583 3.455 220 19 19
1.828 0.800 0.640 40 250 216
1.530 2.374 0.951 60 254 35
-0.576 1.125 2.604 165 58 182
2.034 2.593 2.541 161 241 18
0.186 -2.556 1.555 99 151 21
-2.506 -1.889 2.611 166 51 87
-0.668 -1.113 0.513 32 48 183
-2.771 -2.596 3.390 216 81 18
2.590 1.131 0.048 3 194 181
1.051 -2.100 1.663 105 238 63
1.783 -0.512 3.985 254 252 238
-0.604 2.705 3.649 232 55 11
1.096 -2.281 2.464 157 240 44
2.281 0.381 1.551 98 224 245
2.988 -0.514 1.771 112 146 238
-0.968 -1.852 1.206 76 22 92
-1.942 0.990 2.847 181 8 197
1.569 2.478 3.111 198 254 27
0.208 1.932 3.205 204 153 82
-1.983 -1.174 1.299 82 10 176
0.124 -2.391 0.577 36 143 34
-2.562 -1.235 1.255 79 57 169
1.619 -0.280 0.685 43 254 250
-0.188 0.903 2.614 166 103 206
-1.836 -2.110 2.681 170 4 62
-1.471 -2.750 2.413 153 0 9
-2.215 -0.782 3.994 254 25 217
-1.773 2.240 0.257 16 2 48
-0.404 2.047 1.606 102 77 69
0.890 -0.285 2.114 134 226 249
2.638 -0.650 2.395 152 188 229
-1.511 0.848 2.126 135 0 211
2.098 1.242 3.489 222 237 168
0.103 2.539 0.960 61 140 22
2.915 1.034 0.248 15 156 192
1.711 1.606 2.759 175 253 123
2.734 -1.714 1.388 88 178 109
-0.723 -1.949 0.445 28 43 80
-2.172 0.864 3.644 232 22 210
-0.492 -0.420 2.109 134 67 243
0.527 2.221 0.781 49 191 50
0.766 -2.493 2.569 163 215 25
-0.227 2.082 1.058 67 98 65
1.949 -1.669 2.897 184 245 115
0.190 2.756 2.821 179 151 9
0.293 1.416 3.790 241 164 147
-2.313 -0.237 2.797 178 33 251
-2.118 -1.373 0.918 58 18 152
-2.190 -1.551 3.482 221 23 129
-1.770 1.510 3.626 231 2 135
1.821 -1.473 2.535 161 251 139
-0.258 -1.756 0.349 22 95 104
0.334 2.260 2.786 177 169 46
-0.731 -1.974 3.558 226 42 77
0.942 0.891 3.455 220 230 207
-1.059 -1.033 0.541 34 16 192
-2.541 2.662 2.511 160 55 14
2.387 -1.964 1.170 74 214 78
0.279 -0.776 3.300 210 162 218
0.275 -1.257 3.480 221 162 166
0.315 -0.004 2.515 160 166 254
1.860 0.063 3.907 249 249 254
-1.985 -0.781 2.681 170 10 218
-0.189 2.634 1.574 100 103 16
0.813 2.846 1.993 127 220 5
-1.121 1.093 3.223 205 12 186
1.527 0.990 3.239 206 254 197
-0.683 0.029 0.059 3 46 254
0.342 1.842 1.527 97 170 93
2.592 2.401 2.773 176 194 33
0.484 2.462 2.053 130 186 28
1.455 -0.671 0.115 7 254 227
2.031 -1.445 1.233 78 241 143
0.434 -0.149 1.945 124 181 253
1.498 1.373 0.382 24 254 152
1.354 -0.333 2.704 172 252 248
0.366 -2.220 3.988 254 173 50
-0.914 -1.071 0.140 8 26 188
-0.601 -2.664 2.930 186 55 14
-0.693 2.253 0.925 58 46 47
2.731 -1.603 3.144 200 178 123
1.202 0.529 1.034 65 246 237
-0.844 0.801 1.647 105 32 216
0.137 -2.070 0.149 9 144 66
-1.317 0.264 3.664 233 4 250
-1.222 1.468 0.285 18 7 140
-2.536 1.671 3.817 243 54 114
2.415 1.431 0.695 44 212 145
-2.990 -2.095 1.945 123 108 63
-1.439 1.081 3.335 212 1 187
-2.649 1.932 0.706 45 67 82
-1.780 -0.522 0.787 50 2 238
-0.812 0.600 0.196 12 34 232
0.823 -0.974 0.397 25 220 199
2.901 -1.497 1.661 105 157 136
-0.762 -2.390 0.997 63 39 34
-0.553 0.391 2.557 162 60 245
0.975 -1.868 3.364 214 233 90
-0.538 -2.281 3.677 234 62 44
1.584 -0.330 3.108 198 254 248
2.990 -2.777 1.094 69 146 8
-1.034 -0.694 2.486 158 17 225
-1.128 1.067 3.546 226 12 189
-1.326 -2.605 1.460 93 3 17
2.055 -0.317 2.183 139 240 248
1.023 -0.459 2.853 181 236 241
2.772 0.531 1.807 115 173 237
2.700 0.169 0.151 9 181 253
1.175 -0.591 0.123 7 245 233
1.246 -2.945 2.514 160 248 2
2.490 1.764 3.629 231 204 103
-0.029 -0.520 2.628 167 123 238
2.578 0.906 0.138 8 195 206
-2.280 -2.530 1.188 75 30 23
-2.476 -0.700 0.278 17 48 225
1.201 -1.075 0.172 10 246 188
2.211 -1.448 3.101 197 229 143
-2.205 0.649 2.521 160 24 229
0.174 -1.233 3.961 252 149 169
-0.130 -0.165 0.634 40 110 253
-0.662 -2.329 1.411 89 49 39
-1.194 -1.552 0.651 41 8 129
0.913 1.086 0.994 63 228 186
1.888 0.646 0.402 25 248 229
0.485 0.906 3.792 241 186 206
-1.818 -1.785 0.671 42 3 100
2.702 -0.063 0.072 4 181 254
-1.132 2.284 0.694 44 12 44
0.075 -0.832 2.811 179 137 213
1.174 -1.796 3.979 253 245 98
0.610 -1.113 3.663 233 200 183
0.969 -2.225 2.146 136 232 49
-0.030 -2.083 1.070 68 123 64
1.746 1.777 0.354 22 253 101
0.968 2.001 3.837 244 232 74